,UserUID,CourseOutcomeID,CourseName,CourseOutcome,Threshold,Target,Mapping,formID,examFeatures,percentage,attainment
161,AM.EN.H4CSE15001,8a838345673ec61901673ece37410055,Computer Vision,Learn to device keypoint detection strategies,35,60,"2,2,3,1,2,2,0,0,0,0,0,0,0,0",8a838345673ec61901674f18b50813d8,"0,0,0,0,1,0,0,0,0,0,1,0,0,0,1,0,1",1.0,1
162,AM.EN.H4CSE15001,8a838345673ec61901673ece37410055,Computer Vision,Learn to device keypoint detection strategies,35,60,"2,2,3,1,2,2,0,0,0,0,0,0,0,0",8a838345673ec61901674f18b50813d8,"0,0,0,0,1,0,0,0,0,0,1,0,0,0,1,0,1",0.714285714,1
163,AM.EN.H4CSE15001,8a838345673ec61901673ecec7a4006b,Computer Vision,Learn to device keypoint descriptors to favour Keypoint matching,35,60,"2,2,3,1,2,2,0,0,0,0,0,0,0,0",8a838345673ec61901674f18b50813d8,"0,0,0,0,1,0,0,0,0,0,1,0,1,0,0,0,1",1.0,1
164,AM.EN.H4CSE15001,8a838345673ec61901673ecec7a4006b,Computer Vision,Learn to device keypoint descriptors to favour Keypoint matching,35,60,"2,2,3,1,2,2,0,0,0,0,0,0,0,0",8a838345673ec61901674f18b50813d8,"0,0,0,0,1,0,0,0,0,0,1,0,1,0,0,0,1",0.0,0
165,AM.EN.H4CSE15001,8a838345673ec61901673ecec7a4006b,Computer Vision,Learn to device keypoint descriptors to favour Keypoint matching,35,60,"2,2,3,1,2,2,0,0,0,0,0,0,0,0",8a838345673ec61901674f18b50813d8,"0,0,0,0,1,0,0,0,0,0,1,0,0,0,1,0,1",0.8,1
166,AM.EN.H4CSE15001,8a838345673ec61901673ecf2740007e,Computer Vision,"Learn to detect, identify & track objects",35,60,"3,3,3,2,2,3,0,0,0,0,0,0,0,0",8a838345673ec61901674f18b50813d8,"0,0,0,0,1,0,0,0,0,0,1,0,1,0,0,0,1",0.416666667,0
167,AM.EN.H4CSE15001,8a838345673ec61901673ecd4877002d,Computer Vision,Understand Image & Image Formation Model,35,60,"2,0,0,0,0,0,0,0,0,0,0,0,0,0",8a83834567ad07970167bab96f9b3336,"0,0,0,0,1,0,0,0,0,0,1,0,1,0,0,0,1",0.75,1
168,AM.EN.H4CSE15001,8a838345673ec61901673ecd4877002d,Computer Vision,Understand Image & Image Formation Model,35,60,"2,0,0,0,0,0,0,0,0,0,0,0,0,0",8a83834567ad07970167bab96f9b3336,"0,0,0,0,1,0,0,0,0,0,1,0,0,0,1,0,1",0.0,0
169,AM.EN.H4CSE15001,8a838345673ec61901673ecddb630041,Computer Vision,Learn to apply image enhancement techniques judiciously,35,60,"3,3,3,1,2,2,0,0,0,0,0,0,0,0",8a83834567ad07970167bab96f9b3336,"0,0,0,0,1,0,0,0,0,0,1,0,1,0,0,0,1",0.714285714,1
170,AM.EN.H4CSE15001,8a838345673ec61901673ecddb630041,Computer Vision,Learn to apply image enhancement techniques judiciously,35,60,"3,3,3,1,2,2,0,0,0,0,0,0,0,0",8a83834567ad07970167bab96f9b3336,"0,0,0,0,1,0,0,0,0,0,1,0,0,0,1,0,1",0.571428571,1
171,AM.EN.H4CSE15001,8a838345673ec61901673ecddb630041,Computer Vision,Learn to apply image enhancement techniques judiciously,35,60,"3,3,3,1,2,2,0,0,0,0,0,0,0,0",8a83834567ad07970167bab96f9b3336,"0,0,0,0,1,0,0,0,0,0,1,0,0,1,0,0,1",0.8,1
172,AM.EN.H4CSE15001,8a838345673ec61901673ecddb630041,Computer Vision,Learn to apply image enhancement techniques judiciously,35,60,"3,3,3,1,2,2,0,0,0,0,0,0,0,0",8a838345683c675d016873ea61821f10,"0,0,0,0,1,0,0,0,0,0,1,0,1,0,0,0,1",0.25,0
173,AM.EN.H4CSE15001,8a838345673ec61901673ecddb630041,Computer Vision,Learn to apply image enhancement techniques judiciously,35,60,"3,3,3,1,2,2,0,0,0,0,0,0,0,0",8a838345683c675d016873ea61821f10,"0,0,0,0,1,0,0,0,0,0,1,0,0,0,1,0,1",0.421875,0
174,AM.EN.H4CSE15001,8a838345673ec61901673ecddb630041,Computer Vision,Learn to apply image enhancement techniques judiciously,35,60,"3,3,3,1,2,2,0,0,0,0,0,0,0,0",8a838345683c675d016873ea61821f10,"0,0,0,0,1,0,0,0,0,0,1,0,0,1,0,0,1",0.75,1
175,AM.EN.H4CSE15001,8a838345673ec61901673ece37410055,Computer Vision,Learn to device keypoint detection strategies,35,60,"2,2,3,1,2,2,0,0,0,0,0,0,0,0",8a838345683c675d016873ea61821f10,"0,0,0,0,1,0,0,0,0,0,1,0,0,0,1,0,1",0.0,0
176,AM.EN.H4CSE15001,8a838345673ec61901673ece37410055,Computer Vision,Learn to device keypoint detection strategies,35,60,"2,2,3,1,2,2,0,0,0,0,0,0,0,0",8a838345683c675d016873ea61821f10,"0,0,0,0,1,0,0,0,0,0,1,0,0,1,0,0,1",0.166666667,0
177,AM.EN.H4CSE15001,8a838345673ec61901673ecec7a4006b,Computer Vision,Learn to device keypoint descriptors to favour Keypoint matching,35,60,"2,2,3,1,2,2,0,0,0,0,0,0,0,0",8a838345683c675d016873ea61821f10,"0,0,0,0,1,0,0,0,0,0,1,0,0,0,1,0,1",0.75,1
178,AM.EN.H4CSE15001,8a838345673ec61901673ecec7a4006b,Computer Vision,Learn to device keypoint descriptors to favour Keypoint matching,35,60,"2,2,3,1,2,2,0,0,0,0,0,0,0,0",8a838345683c675d016873ea61821f10,"0,0,0,0,1,0,0,0,0,0,1,0,0,1,0,0,1",0.166666667,0
179,AM.EN.H4CSE15001,8a838345673ec61901673ecf2740007e,Computer Vision,"Learn to detect, identify & track objects",35,60,"3,3,3,2,2,3,0,0,0,0,0,0,0,0",8a838345683c675d016873ea61821f10,"0,0,0,0,1,0,0,0,0,0,1,0,1,0,0,0,1",0.571428571,1
180,AM.EN.H4CSE15001,8a838345673ec61901673ecf2740007e,Computer Vision,"Learn to detect, identify & track objects",35,60,"3,3,3,2,2,3,0,0,0,0,0,0,0,0",8a838345683c675d016873ea61821f10,"0,0,0,0,1,0,0,0,0,0,1,0,0,0,1,0,1",0.125,0
181,AM.EN.H4CSE15001,8a838345673ec61901673ecf738f008e,Computer Vision,Learn to get depth perception from images,35,60,"3,3,1,1,1,3,0,0,0,0,0,0,0,0",8a838345683c675d016873ea61821f10,"0,0,0,0,1,0,0,0,0,0,1,0,0,1,0,0,1",0.25,0
136,AM.EN.H4CSE15001,8a8383456788d6e00167a1ac5a2a4000,Embedded Programming,Understanding of Embedded Systems using modular design and abstraction,35,60,"3,2,1,0,3,0,0,0,0,0,0,0,0,0",2c9fadbd7885b0a9017887e4dc0e3cb4,"0,0,0,0,0,0,1,0,1,0,0,0,1,0,0,0,1",0.38,0
137,AM.EN.H4CSE15001,8a8383456788d6e00167a1ac8e8d400c,Embedded Programming,Learn how to read a data sheet and compute the value of registers. Understand the strategic use of memory and other I/O modules in TM4C123 microcontroller.,35,60,"3,1,1,0,3,0,0,0,0,0,0,0,0,0",2c9fadbd7885b0a9017887e4dc0e3cb4,"0,0,0,0,0,0,1,0,1,0,0,0,1,0,0,0,1",0.38,0
138,AM.EN.H4CSE15001,8a8383456788d6e00167a1acc34b404f,Embedded Programming,Analyse how to access Microcontroller ports using Embedded C program,35,60,"2,3,3,0,3,0,0,0,0,0,0,0,0,0",2c9fadbd7885b0a9017887e4dc0e3cb4,"0,0,0,0,0,0,1,0,1,0,0,0,1,0,0,0,1",0.38,0
139,AM.EN.H4CSE15001,8a8383456788d6e00167a1acf7004062,Embedded Programming,Debugging and verification using a simulator and on the real microcontroller,35,60,"3,3,3,3,3,0,0,0,0,0,0,0,0,0",2c9fadbd7885b0a9017887e532183da3,"0,0,0,0,0,0,1,0,0,1,0,0,1,0,0,0,1",0.9,1
140,AM.EN.H4CSE15001,8a8383456788d6e00167a1ad2814407f,Embedded Programming,"Investigate measures for debugging using logical analyser, and software instrumentation.  Estimation of time to achieve accurate delays using Systick and other timers.",35,60,"3,3,3,2,3,0,0,0,0,0,0,0,0,0",2c9fadbd7885b0a9017887e532183da3,"0,0,0,0,0,0,1,0,0,1,0,0,1,0,0,0,1",0.9,1
141,AM.EN.H4CSE15001,8a8383456788d6e00167a1ad56b64083,Embedded Programming,Develop problem solving skill to solve real world problems using Finite State Machine,35,60,"3,3,3,3,3,2,2,2,1,3,0,0,0,0",2c9fadbd7885b0a9017887e532183da3,"0,0,0,0,0,0,1,0,0,1,0,0,1,0,0,0,1",0.9,1
142,AM.EN.H4CSE15001,8a8383456788d6e00167a1ad8c104099,Embedded Programming,"Designing a circuit and construction on a solderless breadboard, interfacing the input and output in it with the Microcontroller.",35,60,"3,3,3,3,3,2,2,2,1,1,0,0,0,0",2c9fadbd7885b0a9017887e532183da3,"0,0,0,0,0,0,1,0,0,1,0,0,1,0,0,0,1",0.9,1
186,AM.EN.H4CSE15001,8a8383456788d6e00167a1ad8c104099,Embedded Programming,"Designing a circuit and construction on a solderless breadboard, interfacing the input and output in it with the Microcontroller.",35,60,"3,3,3,3,3,2,2,2,1,1,0,0,0,0",8a838345689da61e0168aca222f95be1,"0,0,0,0,0,0,1,0,0,1,0,0,0,0,1,0,1",0.9,1
143,AM.EN.H4CSE15001,8a8383456788d6e00167a1ac5a2a4000,Embedded Programming,Understanding of Embedded Systems using modular design and abstraction,35,60,"3,2,1,0,3,0,0,0,0,0,0,0,0,0",2c9fadbd7885b0a9017887e58dc63e92,"0,0,0,0,0,0,1,0,0,0,1,0,1,0,0,0,1",0.71,1
144,AM.EN.H4CSE15001,8a8383456788d6e00167a1ac8e8d400c,Embedded Programming,Learn how to read a data sheet and compute the value of registers. Understand the strategic use of memory and other I/O modules in TM4C123 microcontroller.,35,60,"3,1,1,0,3,0,0,0,0,0,0,0,0,0",2c9fadbd7885b0a9017887e58dc63e92,"0,0,0,0,0,0,1,0,0,0,1,0,1,0,0,0,1",0.71,1
145,AM.EN.H4CSE15001,8a8383456788d6e00167a1acc34b404f,Embedded Programming,Analyse how to access Microcontroller ports using Embedded C program,35,60,"2,3,3,0,3,0,0,0,0,0,0,0,0,0",2c9fadbd7885b0a9017887e58dc63e92,"0,0,0,0,0,0,1,0,0,0,1,0,1,0,0,0,1",0.71,1
146,AM.EN.H4CSE15001,8a8383456788d6e00167a1acf7004062,Embedded Programming,Debugging and verification using a simulator and on the real microcontroller,35,60,"3,3,3,3,3,0,0,0,0,0,0,0,0,0",2c9fadbd7885b0a9017887e58dc63e92,"0,0,0,0,0,0,1,0,0,0,1,0,1,0,0,0,1",0.71,1
147,AM.EN.H4CSE15001,8a8383456788d6e00167a1ad2814407f,Embedded Programming,"Investigate measures for debugging using logical analyser, and software instrumentation.  Estimation of time to achieve accurate delays using Systick and other timers.",35,60,"3,3,3,2,3,0,0,0,0,0,0,0,0,0",2c9fadbd7885b0a9017887e58dc63e92,"0,0,0,0,0,0,1,0,0,0,1,0,1,0,0,0,1",0.71,1
148,AM.EN.H4CSE15001,8a8383456788d6e00167a1ad56b64083,Embedded Programming,Develop problem solving skill to solve real world problems using Finite State Machine,35,60,"3,3,3,3,3,2,2,2,1,3,0,0,0,0",2c9fadbd7885b0a9017887e58dc63e92,"0,0,0,0,0,0,1,0,0,0,1,0,1,0,0,0,1",0.71,1
149,AM.EN.H4CSE15001,8a8383456788d6e00167a1ad8c104099,Embedded Programming,"Designing a circuit and construction on a solderless breadboard, interfacing the input and output in it with the Microcontroller.",35,60,"3,3,3,3,3,2,2,2,1,1,0,0,0,0",2c9fadbd7885b0a9017887e58dc63e92,"0,0,0,0,0,0,1,0,0,0,1,0,1,0,0,0,1",0.71,1
150,AM.EN.H4CSE15001,8a8383456788d6e00167a1adf7d640b4,Embedded Programming,"The implementation of an I/O driver using synchronization, Multi-threaded programming using interrupts.",35,60,"3,3,3,3,3,0,0,0,0,0,0,0,0,0",2c9fadbd7885b0a9017887e58dc63e92,"0,0,0,0,0,0,1,0,0,0,1,0,1,0,0,0,1",0.71,1
151,AM.EN.H4CSE15001,8a8383456788d6e00167a1ae468d40c2,Embedded Programming,Integrate the concepts learn to solve real world problems in designing and implementing a project based on environment or sustainability theme.,35,60,"3,3,3,3,3,2,2,3,3,3,0,0,0,0",2c9fadbd7885b0a9017887e58dc63e92,"0,0,0,0,0,0,1,0,0,0,1,0,1,0,0,0,1",0.71,1
182,AM.EN.H4CSE15001,8a8383456788d6e00167a1ac5a2a4000,Embedded Programming,Understanding of Embedded Systems using modular design and abstraction,35,60,"3,2,1,0,3,0,0,0,0,0,0,0,0,0",8a838345689da61e0168ac93fb155b57,"0,0,0,0,0,0,1,0,0,0,1,0,1,0,0,0,1",0.4,0
183,AM.EN.H4CSE15001,8a8383456788d6e00167a1ac8e8d400c,Embedded Programming,Learn how to read a data sheet and compute the value of registers. Understand the strategic use of memory and other I/O modules in TM4C123 microcontroller.,35,60,"3,1,1,0,3,0,0,0,0,0,0,0,0,0",8a838345689da61e0168ac93fb155b57,"0,0,0,0,0,0,1,0,0,0,1,0,1,0,0,0,1",0.38,0
184,AM.EN.H4CSE15001,8a8383456788d6e00167a1acc34b404f,Embedded Programming,Analyse how to access Microcontroller ports using Embedded C program,35,60,"2,3,3,0,3,0,0,0,0,0,0,0,0,0",8a838345689da61e0168ac93fb155b57,"0,0,0,0,0,0,1,0,0,0,1,0,1,0,0,0,1",0.428571429,0
185,AM.EN.H4CSE15001,8a8383456788d6e00167a1acf7004062,Embedded Programming,Debugging and verification using a simulator and on the real microcontroller,35,60,"3,3,3,3,3,0,0,0,0,0,0,0,0,0",8a838345689da61e0168ac93fb155b57,"0,0,0,0,0,0,1,0,0,0,1,0,1,0,0,0,1",0.466666667,0
152,AM.EN.H4CSE15001,8a8383456788d6e00167a1ac5a2a4000,Embedded Programming,Understanding of Embedded Systems using modular design and abstraction,35,60,"3,2,1,0,3,0,0,0,0,0,0,0,0,0",2c9fadbd7885b0a9017887e5eba33fae,"0,0,0,0,0,0,1,0,0,0,0,1,1,0,0,0,1",0.51,1
153,AM.EN.H4CSE15001,8a8383456788d6e00167a1ac8e8d400c,Embedded Programming,Learn how to read a data sheet and compute the value of registers. Understand the strategic use of memory and other I/O modules in TM4C123 microcontroller.,35,60,"3,1,1,0,3,0,0,0,0,0,0,0,0,0",2c9fadbd7885b0a9017887e5eba33fae,"0,0,0,0,0,0,1,0,0,0,0,1,1,0,0,0,1",0.05,0
154,AM.EN.H4CSE15001,8a8383456788d6e00167a1acc34b404f,Embedded Programming,Analyse how to access Microcontroller ports using Embedded C program,35,60,"2,3,3,0,3,0,0,0,0,0,0,0,0,0",2c9fadbd7885b0a9017887e5eba33fae,"0,0,0,0,0,0,1,0,0,0,0,1,1,0,0,0,1",0.84,1
155,AM.EN.H4CSE15001,8a8383456788d6e00167a1acf7004062,Embedded Programming,Debugging and verification using a simulator and on the real microcontroller,35,60,"3,3,3,3,3,0,0,0,0,0,0,0,0,0",2c9fadbd7885b0a9017887e5eba33fae,"0,0,0,0,0,0,1,0,0,0,0,1,1,0,0,0,1",0.29,0
156,AM.EN.H4CSE15001,8a8383456788d6e00167a1ad2814407f,Embedded Programming,"Investigate measures for debugging using logical analyser, and software instrumentation.  Estimation of time to achieve accurate delays using Systick and other timers.",35,60,"3,3,3,2,3,0,0,0,0,0,0,0,0,0",2c9fadbd7885b0a9017887e5eba33fae,"0,0,0,0,0,0,1,0,0,0,0,1,1,0,0,0,1",0.6,1
157,AM.EN.H4CSE15001,8a8383456788d6e00167a1ad56b64083,Embedded Programming,Develop problem solving skill to solve real world problems using Finite State Machine,35,60,"3,3,3,3,3,2,2,2,1,3,0,0,0,0",2c9fadbd7885b0a9017887e5eba33fae,"0,0,0,0,0,0,1,0,0,0,0,1,1,0,0,0,1",0.7,1
158,AM.EN.H4CSE15001,8a8383456788d6e00167a1ad8c104099,Embedded Programming,"Designing a circuit and construction on a solderless breadboard, interfacing the input and output in it with the Microcontroller.",35,60,"3,3,3,3,3,2,2,2,1,1,0,0,0,0",2c9fadbd7885b0a9017887e5eba33fae,"0,0,0,0,0,0,1,0,0,0,0,1,1,0,0,0,1",0.19,0
159,AM.EN.H4CSE15001,8a8383456788d6e00167a1adf7d640b4,Embedded Programming,"The implementation of an I/O driver using synchronization, Multi-threaded programming using interrupts.",35,60,"3,3,3,3,3,0,0,0,0,0,0,0,0,0",2c9fadbd7885b0a9017887e5eba33fae,"0,0,0,0,0,0,1,0,0,0,0,1,1,0,0,0,1",0.1,0
160,AM.EN.H4CSE15001,8a8383456788d6e00167a1ae468d40c2,Embedded Programming,Integrate the concepts learn to solve real world problems in designing and implementing a project based on environment or sustainability theme.,35,60,"3,3,3,3,3,2,2,3,3,3,0,0,0,0",2c9fadbd7885b0a9017887e5eba33fae,"0,0,0,0,0,0,1,0,0,0,0,1,1,0,0,0,1",0.79,1
187,AM.EN.H4CSE15001,8a8383456788d6e00167a1ac5a2a4000,Embedded Programming,Understanding of Embedded Systems using modular design and abstraction,35,60,"3,2,1,0,3,0,0,0,0,0,0,0,0,0",8a83834568ae10080168b82dab377823,"0,0,0,0,0,0,1,0,0,0,0,1,0,0,1,0,1",0.666666667,1
188,AM.EN.H4CSE15001,8a8383456788d6e00167a1ac8e8d400c,Embedded Programming,Learn how to read a data sheet and compute the value of registers. Understand the strategic use of memory and other I/O modules in TM4C123 microcontroller.,35,60,"3,1,1,0,3,0,0,0,0,0,0,0,0,0",8a83834568ae10080168b82dab377823,"0,0,0,0,0,0,1,0,0,0,0,1,0,0,1,0,1",0.666666667,1
189,AM.EN.H4CSE15001,8a8383456788d6e00167a1acc34b404f,Embedded Programming,Analyse how to access Microcontroller ports using Embedded C program,35,60,"2,3,3,0,3,0,0,0,0,0,0,0,0,0",8a83834568ae10080168b82dab377823,"0,0,0,0,0,0,1,0,0,0,0,1,0,0,1,0,1",0.666666667,1
190,AM.EN.H4CSE15001,8a8383456788d6e00167a1acf7004062,Embedded Programming,Debugging and verification using a simulator and on the real microcontroller,35,60,"3,3,3,3,3,0,0,0,0,0,0,0,0,0",8a83834568ae10080168b82dab377823,"0,0,0,0,0,0,1,0,0,0,0,1,0,0,1,0,1",0.666666667,1
191,AM.EN.H4CSE15001,8a8383456788d6e00167a1ad2814407f,Embedded Programming,"Investigate measures for debugging using logical analyser, and software instrumentation.  Estimation of time to achieve accurate delays using Systick and other timers.",35,60,"3,3,3,2,3,0,0,0,0,0,0,0,0,0",8a83834568ae10080168b82dab377823,"0,0,0,0,0,0,1,0,0,0,0,1,0,0,1,0,1",0.0,0
192,AM.EN.H4CSE15001,8a8383456788d6e00167a1ad2814407f,Embedded Programming,"Investigate measures for debugging using logical analyser, and software instrumentation.  Estimation of time to achieve accurate delays using Systick and other timers.",35,60,"3,3,3,2,3,0,0,0,0,0,0,0,0,0",8a83834568ae10080168b82dab377823,"0,0,0,0,0,0,1,0,0,0,0,1,0,1,0,0,1",0.4,0
193,AM.EN.H4CSE15001,8a8383456788d6e00167a1ad56b64083,Embedded Programming,Develop problem solving skill to solve real world problems using Finite State Machine,35,60,"3,3,3,3,3,2,2,2,1,3,0,0,0,0",8a83834568ae10080168b82dab377823,"0,0,0,0,0,0,1,0,0,0,0,1,1,0,0,0,1",0.166666667,0
194,AM.EN.H4CSE15001,8a8383456788d6e00167a1ad8c104099,Embedded Programming,"Designing a circuit and construction on a solderless breadboard, interfacing the input and output in it with the Microcontroller.",35,60,"3,3,3,3,3,2,2,2,1,1,0,0,0,0",8a83834568ae10080168b82dab377823,"0,0,0,0,0,0,1,0,0,0,0,1,0,0,1,0,1",1.0,1
195,AM.EN.H4CSE15001,8a8383456788d6e00167a1ad8c104099,Embedded Programming,"Designing a circuit and construction on a solderless breadboard, interfacing the input and output in it with the Microcontroller.",35,60,"3,3,3,3,3,2,2,2,1,1,0,0,0,0",8a83834568ae10080168b82dab377823,"0,0,0,0,0,0,1,0,0,0,0,1,0,1,0,0,1",0.583333333,1
196,AM.EN.H4CSE15001,8a8383456788d6e00167a1adf7d640b4,Embedded Programming,"The implementation of an I/O driver using synchronization, Multi-threaded programming using interrupts.",35,60,"3,3,3,3,3,0,0,0,0,0,0,0,0,0",8a83834568ae10080168b82dab377823,"0,0,0,0,0,0,1,0,0,0,0,1,1,0,0,0,1",0.8,1
197,AM.EN.H4CSE15001,8a8383456788d6e00167a1adf7d640b4,Embedded Programming,"The implementation of an I/O driver using synchronization, Multi-threaded programming using interrupts.",35,60,"3,3,3,3,3,0,0,0,0,0,0,0,0,0",8a83834568ae10080168b82dab377823,"0,0,0,0,0,0,1,0,0,0,0,1,0,0,1,0,1",0.6,1
0,AM.EN.H4CSE16001,2c9fadbd77ff5d05017802ff98824cc9,Linear Algebra and Its Applications,"Define a vector space in terms of an arbitrary set with defined operations of vector addition and scalar multiplication that satisfy the vector space axioms. Introduce different examples of vector spaces including matrix spaces, function spaces under different definitions of vector addition and scalar multiplications",35,50,"3,2,1,0,0,0,0,0,0,0,0,0,0,0",2c9fadbd77ff5d050178030316544ced,"1,0,0,0,0,0,0,0,1,0,0,0,1,0,0,1,0",0.64,1
1,AM.EN.H4CSE16001,2c9fadbd77ff5d05017803000a984ccd,Linear Algebra and Its Applications,Identify when a linear system is consistent and when it is inconsistent and interpret the solution geometrically. Dealing with the basis and dimension of the solution space and also with rank and nullity of the matrix,35,50,"3,3,2,0,0,0,0,0,0,0,0,0,0,0",2c9fadbd77ff5d050178030316544ced,"1,0,0,0,0,0,0,0,1,0,0,0,1,0,0,1,0",0.64,1
2,AM.EN.H4CSE16001,2c9fadbd77ff5d050178030068b04cd1,Linear Algebra and Its Applications,Construct an orthonormal basis from a given basis and obtain a basis for the orthogonal complement,35,50,"3,3,2,0,0,0,0,0,0,0,0,0,0,0",2c9fadbd77ff5d050178030316544ced,"1,0,0,0,0,0,0,0,1,0,0,0,1,0,0,1,0",0.64,1
3,AM.EN.H4CSE16001,2c9fadbd77ff5d0501780300d7a74cd5,Linear Algebra and Its Applications,Distinguish between linear and nonlinear transformations. Define the matrix representation of a linear transformation from to Rn to Rn,35,50,"3,2,2,0,0,0,0,0,0,0,0,0,0,0",2c9fadbd77ff5d050178030316544ced,"1,0,0,0,0,0,0,0,1,0,0,0,1,0,0,1,0",0.64,1
4,AM.EN.H4CSE16001,2c9fadbd77ff5d050178030132334cd9,Linear Algebra and Its Applications,"Solve linear systems represented as linear transforms and express linear transforms in other forms, such as matrix equations or as vector equations.",35,50,"3,3,2,0,0,0,0,0,0,0,0,0,0,0",2c9fadbd77ff5d050178030316544ced,"1,0,0,0,0,0,0,0,1,0,0,0,1,0,0,1,0",0.64,1
5,AM.EN.H4CSE16001,2c9fadbd77ff5d05017802ff98824cc9,Linear Algebra and Its Applications,"Define a vector space in terms of an arbitrary set with defined operations of vector addition and scalar multiplication that satisfy the vector space axioms. Introduce different examples of vector spaces including matrix spaces, function spaces under different definitions of vector addition and scalar multiplications",35,50,"3,2,1,0,0,0,0,0,0,0,0,0,0,0",2c9fadbd77ff5d050178030319df4d11,"1,0,0,0,0,0,0,0,0,1,0,0,1,0,0,1,0",0.82,1
6,AM.EN.H4CSE16001,2c9fadbd77ff5d05017803000a984ccd,Linear Algebra and Its Applications,Identify when a linear system is consistent and when it is inconsistent and interpret the solution geometrically. Dealing with the basis and dimension of the solution space and also with rank and nullity of the matrix,35,50,"3,3,2,0,0,0,0,0,0,0,0,0,0,0",2c9fadbd77ff5d050178030319df4d11,"1,0,0,0,0,0,0,0,0,1,0,0,1,0,0,1,0",0.82,1
7,AM.EN.H4CSE16001,2c9fadbd77ff5d050178030068b04cd1,Linear Algebra and Its Applications,Construct an orthonormal basis from a given basis and obtain a basis for the orthogonal complement,35,50,"3,3,2,0,0,0,0,0,0,0,0,0,0,0",2c9fadbd77ff5d050178030319df4d11,"1,0,0,0,0,0,0,0,0,1,0,0,1,0,0,1,0",0.82,1
8,AM.EN.H4CSE16001,2c9fadbd77ff5d0501780300d7a74cd5,Linear Algebra and Its Applications,Distinguish between linear and nonlinear transformations. Define the matrix representation of a linear transformation from to Rn to Rn,35,50,"3,2,2,0,0,0,0,0,0,0,0,0,0,0",2c9fadbd77ff5d050178030319df4d11,"1,0,0,0,0,0,0,0,0,1,0,0,1,0,0,1,0",0.82,1
9,AM.EN.H4CSE16001,2c9fadbd77ff5d050178030132334cd9,Linear Algebra and Its Applications,"Solve linear systems represented as linear transforms and express linear transforms in other forms, such as matrix equations or as vector equations.",35,50,"3,3,2,0,0,0,0,0,0,0,0,0,0,0",2c9fadbd77ff5d050178030319df4d11,"1,0,0,0,0,0,0,0,0,1,0,0,1,0,0,1,0",0.82,1
10,AM.EN.H4CSE16001,2c9fadbd77ff5d05017802ff98824cc9,Linear Algebra and Its Applications,"Define a vector space in terms of an arbitrary set with defined operations of vector addition and scalar multiplication that satisfy the vector space axioms. Introduce different examples of vector spaces including matrix spaces, function spaces under different definitions of vector addition and scalar multiplications",35,50,"3,2,1,0,0,0,0,0,0,0,0,0,0,0",2c9fadbd77ff5d05017803031d3f4d28,"1,0,0,0,0,0,0,0,0,0,1,0,1,0,0,1,0",0.8,1
11,AM.EN.H4CSE16001,2c9fadbd77ff5d05017803000a984ccd,Linear Algebra and Its Applications,Identify when a linear system is consistent and when it is inconsistent and interpret the solution geometrically. Dealing with the basis and dimension of the solution space and also with rank and nullity of the matrix,35,50,"3,3,2,0,0,0,0,0,0,0,0,0,0,0",2c9fadbd77ff5d05017803031d3f4d28,"1,0,0,0,0,0,0,0,0,0,1,0,1,0,0,1,0",0.8,1
12,AM.EN.H4CSE16001,2c9fadbd77ff5d050178030068b04cd1,Linear Algebra and Its Applications,Construct an orthonormal basis from a given basis and obtain a basis for the orthogonal complement,35,50,"3,3,2,0,0,0,0,0,0,0,0,0,0,0",2c9fadbd77ff5d05017803031d3f4d28,"1,0,0,0,0,0,0,0,0,0,1,0,1,0,0,1,0",0.8,1
13,AM.EN.H4CSE16001,2c9fadbd77ff5d0501780300d7a74cd5,Linear Algebra and Its Applications,Distinguish between linear and nonlinear transformations. Define the matrix representation of a linear transformation from to Rn to Rn,35,50,"3,2,2,0,0,0,0,0,0,0,0,0,0,0",2c9fadbd77ff5d05017803031d3f4d28,"1,0,0,0,0,0,0,0,0,0,1,0,1,0,0,1,0",0.8,1
14,AM.EN.H4CSE16001,2c9fadbd77ff5d050178030132334cd9,Linear Algebra and Its Applications,"Solve linear systems represented as linear transforms and express linear transforms in other forms, such as matrix equations or as vector equations.",35,50,"3,3,2,0,0,0,0,0,0,0,0,0,0,0",2c9fadbd77ff5d05017803031d3f4d28,"1,0,0,0,0,0,0,0,0,0,1,0,1,0,0,1,0",0.8,1
15,AM.EN.H4CSE16001,2c9fadbd77ff5d05017802ff98824cc9,Linear Algebra and Its Applications,"Define a vector space in terms of an arbitrary set with defined operations of vector addition and scalar multiplication that satisfy the vector space axioms. Introduce different examples of vector spaces including matrix spaces, function spaces under different definitions of vector addition and scalar multiplications",35,50,"3,2,1,0,0,0,0,0,0,0,0,0,0,0",2c9fadbd77ff5d0501780303218d4d53,"1,0,0,0,0,0,0,0,0,0,0,1,1,0,0,1,0",1.0,1
16,AM.EN.H4CSE16001,2c9fadbd77ff5d05017803000a984ccd,Linear Algebra and Its Applications,Identify when a linear system is consistent and when it is inconsistent and interpret the solution geometrically. Dealing with the basis and dimension of the solution space and also with rank and nullity of the matrix,35,50,"3,3,2,0,0,0,0,0,0,0,0,0,0,0",2c9fadbd77ff5d0501780303218d4d53,"1,0,0,0,0,0,0,0,0,0,0,1,1,0,0,1,0",0.3,0
17,AM.EN.H4CSE16001,2c9fadbd77ff5d050178030068b04cd1,Linear Algebra and Its Applications,Construct an orthonormal basis from a given basis and obtain a basis for the orthogonal complement,35,50,"3,3,2,0,0,0,0,0,0,0,0,0,0,0",2c9fadbd77ff5d0501780303218d4d53,"1,0,0,0,0,0,0,0,0,0,0,1,1,0,0,1,0",0.94,1
18,AM.EN.H4CSE16001,2c9fadbd77ff5d0501780300d7a74cd5,Linear Algebra and Its Applications,Distinguish between linear and nonlinear transformations. Define the matrix representation of a linear transformation from to Rn to Rn,35,50,"3,2,2,0,0,0,0,0,0,0,0,0,0,0",2c9fadbd77ff5d0501780303218d4d53,"1,0,0,0,0,0,0,0,0,0,0,1,1,0,0,1,0",0.36,0
19,AM.EN.H4CSE16001,2c9fadbd77ff5d050178030132334cd9,Linear Algebra and Its Applications,"Solve linear systems represented as linear transforms and express linear transforms in other forms, such as matrix equations or as vector equations.",35,50,"3,3,2,0,0,0,0,0,0,0,0,0,0,0",2c9fadbd77ff5d0501780303218d4d53,"1,0,0,0,0,0,0,0,0,0,0,1,1,0,0,1,0",0.65,1
20,AM.EN.H4CSE16001,8a838345683c675d016875389dfc21fb,Discrete Mathematics,Understand how to write an argument using logical notation and determine if the argument is        or is not valid.,35,50,"3,2,1,0,0,0,0,0,0,0,0,0,0,0",2c9fadbd7804835e017807d14454004a,"0,1,0,0,0,0,0,0,1,0,0,0,1,0,0,1,0",0.8,1
21,AM.EN.H4CSE16001,8a838345695bde660169b8afcc104723,Discrete Mathematics,Understand the basic principles of sets and operations in sets.,35,50,"3,3,2,0,0,0,0,0,0,0,0,0,0,0",2c9fadbd7804835e017807d14454004a,"0,1,0,0,0,0,0,0,1,0,0,0,1,0,0,1,0",0.8,1
22,AM.EN.H4CSE16001,8a838345695bde660169b8bffafa54f4,Discrete Mathematics,Ability to demonstrate an understanding of relations and functions and be able to determine  their properties,35,50,"3,3,2,0,0,0,0,0,0,0,0,0,0,0",2c9fadbd7804835e017807d14454004a,"0,1,0,0,0,0,0,0,1,0,0,0,1,0,0,1,0",0.8,1
23,AM.EN.H4CSE16001,8a838345695bde660169be9415b069e7,Discrete Mathematics,Ability to  demonstrate different traversal methods for trees and graphs,35,50,"3,2,1,0,0,0,0,0,0,0,0,0,0,0",2c9fadbd7804835e017807d14454004a,"0,1,0,0,0,0,0,0,1,0,0,0,1,0,0,1,0",0.8,1
24,AM.EN.H4CSE16001,8a838345695bde660169be94a2006a25,Discrete Mathematics,Ability to Model problems in Computer Science using graphs and tree.,35,50,"2,3,2,0,0,0,0,0,0,0,0,0,0,0",2c9fadbd7804835e017807d14454004a,"0,1,0,0,0,0,0,0,1,0,0,0,1,0,0,1,0",0.8,1
25,AM.EN.H4CSE16001,8a838345683c675d016875389dfc21fb,Discrete Mathematics,Understand how to write an argument using logical notation and determine if the argument is        or is not valid.,35,50,"3,2,1,0,0,0,0,0,0,0,0,0,0,0",2c9fadbd7804835e017807d14815006e,"0,1,0,0,0,0,0,0,0,1,0,0,1,0,0,1,0",0.91,1
26,AM.EN.H4CSE16001,8a838345695bde660169b8afcc104723,Discrete Mathematics,Understand the basic principles of sets and operations in sets.,35,50,"3,3,2,0,0,0,0,0,0,0,0,0,0,0",2c9fadbd7804835e017807d14815006e,"0,1,0,0,0,0,0,0,0,1,0,0,1,0,0,1,0",0.91,1
27,AM.EN.H4CSE16001,8a838345695bde660169b8bffafa54f4,Discrete Mathematics,Ability to demonstrate an understanding of relations and functions and be able to determine  their properties,35,50,"3,3,2,0,0,0,0,0,0,0,0,0,0,0",2c9fadbd7804835e017807d14815006e,"0,1,0,0,0,0,0,0,0,1,0,0,1,0,0,1,0",0.91,1
28,AM.EN.H4CSE16001,8a838345695bde660169be9415b069e7,Discrete Mathematics,Ability to  demonstrate different traversal methods for trees and graphs,35,50,"3,2,1,0,0,0,0,0,0,0,0,0,0,0",2c9fadbd7804835e017807d14815006e,"0,1,0,0,0,0,0,0,0,1,0,0,1,0,0,1,0",0.91,1
29,AM.EN.H4CSE16001,8a838345695bde660169be94a2006a25,Discrete Mathematics,Ability to Model problems in Computer Science using graphs and tree.,35,50,"2,3,2,0,0,0,0,0,0,0,0,0,0,0",2c9fadbd7804835e017807d14815006e,"0,1,0,0,0,0,0,0,0,1,0,0,1,0,0,1,0",0.91,1
30,AM.EN.H4CSE16001,8a838345683c675d016875389dfc21fb,Discrete Mathematics,Understand how to write an argument using logical notation and determine if the argument is        or is not valid.,35,50,"3,2,1,0,0,0,0,0,0,0,0,0,0,0",2c9fadbd7804835e017807d14bba0085,"0,1,0,0,0,0,0,0,0,0,1,0,1,0,0,1,0",0.9,1
31,AM.EN.H4CSE16001,8a838345695bde660169b8afcc104723,Discrete Mathematics,Understand the basic principles of sets and operations in sets.,35,50,"3,3,2,0,0,0,0,0,0,0,0,0,0,0",2c9fadbd7804835e017807d14bba0085,"0,1,0,0,0,0,0,0,0,0,1,0,1,0,0,1,0",0.9,1
32,AM.EN.H4CSE16001,8a838345695bde660169b8bffafa54f4,Discrete Mathematics,Ability to demonstrate an understanding of relations and functions and be able to determine  their properties,35,50,"3,3,2,0,0,0,0,0,0,0,0,0,0,0",2c9fadbd7804835e017807d14bba0085,"0,1,0,0,0,0,0,0,0,0,1,0,1,0,0,1,0",0.9,1
33,AM.EN.H4CSE16001,8a838345695bde660169be9415b069e7,Discrete Mathematics,Ability to  demonstrate different traversal methods for trees and graphs,35,50,"3,2,1,0,0,0,0,0,0,0,0,0,0,0",2c9fadbd7804835e017807d14bba0085,"0,1,0,0,0,0,0,0,0,0,1,0,1,0,0,1,0",0.9,1
34,AM.EN.H4CSE16001,8a838345695bde660169be94a2006a25,Discrete Mathematics,Ability to Model problems in Computer Science using graphs and tree.,35,50,"2,3,2,0,0,0,0,0,0,0,0,0,0,0",2c9fadbd7804835e017807d14bba0085,"0,1,0,0,0,0,0,0,0,0,1,0,1,0,0,1,0",0.9,1
35,AM.EN.H4CSE16001,8a838345683c675d016875389dfc21fb,Discrete Mathematics,Understand how to write an argument using logical notation and determine if the argument is        or is not valid.,35,50,"3,2,1,0,0,0,0,0,0,0,0,0,0,0",2c9fadbd7804835e017807d150bc00b0,"0,1,0,0,0,0,0,0,0,0,0,1,1,0,0,1,0",0.51,1
36,AM.EN.H4CSE16001,8a838345695bde660169b8afcc104723,Discrete Mathematics,Understand the basic principles of sets and operations in sets.,35,50,"3,3,2,0,0,0,0,0,0,0,0,0,0,0",2c9fadbd7804835e017807d150bc00b0,"0,1,0,0,0,0,0,0,0,0,0,1,1,0,0,1,0",0.83,1
37,AM.EN.H4CSE16001,8a838345695bde660169b8bffafa54f4,Discrete Mathematics,Ability to demonstrate an understanding of relations and functions and be able to determine  their properties,35,50,"3,3,2,0,0,0,0,0,0,0,0,0,0,0",2c9fadbd7804835e017807d150bc00b0,"0,1,0,0,0,0,0,0,0,0,0,1,1,0,0,1,0",0.88,1
38,AM.EN.H4CSE16001,8a838345695bde660169be9415b069e7,Discrete Mathematics,Ability to  demonstrate different traversal methods for trees and graphs,35,50,"3,2,1,0,0,0,0,0,0,0,0,0,0,0",2c9fadbd7804835e017807d150bc00b0,"0,1,0,0,0,0,0,0,0,0,0,1,1,0,0,1,0",0.46,0
39,AM.EN.H4CSE16001,8a838345695bde660169be94a2006a25,Discrete Mathematics,Ability to Model problems in Computer Science using graphs and tree.,35,50,"2,3,2,0,0,0,0,0,0,0,0,0,0,0",2c9fadbd7804835e017807d150bc00b0,"0,1,0,0,0,0,0,0,0,0,0,1,1,0,0,1,0",0.67,1
40,AM.EN.H4CSE16001,8a838345695bde6601699aaf65fe1fec,Software Engineering,Understand the principles of software engineering,40,57,"1,0,0,0,0,0,0,0,0,0,1,0,0,0",2c9fadbd782db63a0178315c17ea2159,"0,0,1,0,0,0,0,0,1,0,0,0,1,0,0,0,1",0.48,0
41,AM.EN.H4CSE16001,8a838345695bde6601699aafb9b61ff3,Software Engineering,Understand various software process models,40,60,"1,3,2,0,0,0,0,0,0,0,0,0,0,0",2c9fadbd782db63a0178315c17ea2159,"0,0,1,0,0,0,0,0,1,0,0,0,1,0,0,0,1",0.48,0
42,AM.EN.H4CSE16001,8a838345695bde6601699aaffdb81ffa,Software Engineering,Apply the appropriate design methodology for a real world application,40,60,"2,1,3,0,2,0,0,0,1,0,0,0,0,0",2c9fadbd782db63a0178315c17ea2159,"0,0,1,0,0,0,0,0,1,0,0,0,1,0,0,0,1",0.48,0
43,AM.EN.H4CSE16001,8a838345695bde6601699ab087462004,Software Engineering,Evaluate a system developed for real-world applications in Agile Mode,40,56,"2,2,3,0,3,0,0,0,3,1,2,0,0,0",2c9fadbd782db63a0178315c17ea2159,"0,0,1,0,0,0,0,0,1,0,0,0,1,0,0,0,1",0.48,0
44,AM.EN.H4CSE16001,8a838345695bde6601699aaf65fe1fec,Software Engineering,Understand the principles of software engineering,40,57,"1,0,0,0,0,0,0,0,0,0,1,0,0,0",2c9fadbd782db63a0178315c1c7d2180,"0,0,1,0,0,0,0,0,0,1,0,0,1,0,0,0,1",0.46,0
45,AM.EN.H4CSE16001,8a838345695bde6601699aafb9b61ff3,Software Engineering,Understand various software process models,40,60,"1,3,2,0,0,0,0,0,0,0,0,0,0,0",2c9fadbd782db63a0178315c1c7d2180,"0,0,1,0,0,0,0,0,0,1,0,0,1,0,0,0,1",0.46,0
46,AM.EN.H4CSE16001,8a838345695bde6601699aaffdb81ffa,Software Engineering,Apply the appropriate design methodology for a real world application,40,60,"2,1,3,0,2,0,0,0,1,0,0,0,0,0",2c9fadbd782db63a0178315c1c7d2180,"0,0,1,0,0,0,0,0,0,1,0,0,1,0,0,0,1",0.46,0
47,AM.EN.H4CSE16001,8a838345695bde6601699ab087462004,Software Engineering,Evaluate a system developed for real-world applications in Agile Mode,40,56,"2,2,3,0,3,0,0,0,3,1,2,0,0,0",2c9fadbd782db63a0178315c1c7d2180,"0,0,1,0,0,0,0,0,0,1,0,0,1,0,0,0,1",0.46,0
48,AM.EN.H4CSE16001,8a838345695bde6601699aaf65fe1fec,Software Engineering,Understand the principles of software engineering,40,57,"1,0,0,0,0,0,0,0,0,0,1,0,0,0",2c9fadbd782db63a0178315c212c2198,"0,0,1,0,0,0,0,0,0,0,1,0,1,0,0,0,1",0.9,1
49,AM.EN.H4CSE16001,8a838345695bde6601699aafb9b61ff3,Software Engineering,Understand various software process models,40,60,"1,3,2,0,0,0,0,0,0,0,0,0,0,0",2c9fadbd782db63a0178315c212c2198,"0,0,1,0,0,0,0,0,0,0,1,0,1,0,0,0,1",0.9,1
50,AM.EN.H4CSE16001,8a838345695bde6601699aaffdb81ffa,Software Engineering,Apply the appropriate design methodology for a real world application,40,60,"2,1,3,0,2,0,0,0,1,0,0,0,0,0",2c9fadbd782db63a0178315c212c2198,"0,0,1,0,0,0,0,0,0,0,1,0,1,0,0,0,1",0.9,1
51,AM.EN.H4CSE16001,8a838345695bde6601699ab087462004,Software Engineering,Evaluate a system developed for real-world applications in Agile Mode,40,56,"2,2,3,0,3,0,0,0,3,1,2,0,0,0",2c9fadbd782db63a0178315c212c2198,"0,0,1,0,0,0,0,0,0,0,1,0,1,0,0,0,1",0.9,1
52,AM.EN.H4CSE16001,8a838345695bde6601699aaf65fe1fec,Software Engineering,Understand the principles of software engineering,40,57,"1,0,0,0,0,0,0,0,0,0,1,0,0,0",2c9fadbd782db63a0178315c270321c4,"0,0,1,0,0,0,0,0,0,0,0,1,1,0,0,0,1",0.39,0
53,AM.EN.H4CSE16001,8a838345695bde6601699aafb9b61ff3,Software Engineering,Understand various software process models,40,60,"1,3,2,0,0,0,0,0,0,0,0,0,0,0",2c9fadbd782db63a0178315c270321c4,"0,0,1,0,0,0,0,0,0,0,0,1,1,0,0,0,1",0.77,1
54,AM.EN.H4CSE16001,8a838345695bde6601699aaffdb81ffa,Software Engineering,Apply the appropriate design methodology for a real world application,40,60,"2,1,3,0,2,0,0,0,1,0,0,0,0,0",2c9fadbd782db63a0178315c270321c4,"0,0,1,0,0,0,0,0,0,0,0,1,1,0,0,0,1",0.8,1
55,AM.EN.H4CSE16001,8a838345695bde6601699ab087462004,Software Engineering,Evaluate a system developed for real-world applications in Agile Mode,40,56,"2,2,3,0,3,0,0,0,3,1,2,0,0,0",2c9fadbd782db63a0178315c270321c4,"0,0,1,0,0,0,0,0,0,0,0,1,1,0,0,0,1",0.36,0
56,AM.EN.H4CSE16001,8a838345695bde6601698fae7dce0270,Pattern Recognition,Understand and be able to apply the methods of regression and classification,35,60,"3,1,2,0,0,0,0,0,0,0,0,0,0,0",8a838345695bde6601698fce31ed02d4,"0,0,0,0,0,1,0,0,1,0,0,0,1,0,0,0,1",0.5,1
57,AM.EN.H4CSE16001,8a838345695bde6601698fae7dce0270,Pattern Recognition,Understand and be able to apply the methods of regression and classification,35,60,"3,1,2,0,0,0,0,0,0,0,0,0,0,0",8a838345695bde6601698fce31ed02d4,"0,0,0,0,0,1,0,0,1,0,0,0,0,0,1,0,1",0.6875,1
58,AM.EN.H4CSE16001,8a838345695bde6601698faedcf30274,Pattern Recognition,"Learn about the Bayes classification framework, the minimum error rate classifier",35,60,"3,2,2,0,0,0,0,0,0,0,0,0,0,0",8a838345695bde6601698fce31ed02d4,"0,0,0,0,0,1,0,0,1,0,0,0,1,0,0,0,1",1.0,1
59,AM.EN.H4CSE16001,8a838345695bde6601698faedcf30274,Pattern Recognition,"Learn about the Bayes classification framework, the minimum error rate classifier",35,60,"3,2,2,0,0,0,0,0,0,0,0,0,0,0",8a838345695bde6601698fce31ed02d4,"0,0,0,0,0,1,0,0,1,0,0,0,0,1,0,0,1",1.0,1
60,AM.EN.H4CSE16001,8a838345695bde6601698fafeeca0284,Pattern Recognition,"Be able to model, design and develop pattern recognition application for real world applications.",35,60,"2,2,3,1,2,2,0,0,0,0,0,0,0,0",8a838345695bde6601698fce31ed02d4,"0,0,0,0,0,1,0,0,1,0,0,0,0,0,1,0,1",0.125,0
68,AM.EN.H4CSE16001,8a838345695bde6601698fae7dce0270,Pattern Recognition,Understand and be able to apply the methods of regression and classification,35,60,"3,1,2,0,0,0,0,0,0,0,0,0,0,0",8a8383456a2ef3ea016a6cb73763206f,"0,0,0,0,0,1,0,0,0,1,0,0,0,0,1,0,1",0.0,0
69,AM.EN.H4CSE16001,8a838345695bde6601698faedcf30274,Pattern Recognition,"Learn about the Bayes classification framework, the minimum error rate classifier",35,60,"3,2,2,0,0,0,0,0,0,0,0,0,0,0",8a8383456a2ef3ea016a6cb73763206f,"0,0,0,0,0,1,0,0,0,1,0,0,1,0,0,0,1",0.0,0
70,AM.EN.H4CSE16001,8a838345695bde6601698faf20eb0278,Pattern Recognition,"Apply the parameter estimation techniques (MLE, Bayesian Parameter Estimation & Non Parametric Density Estimation) and use it to design real world pattern recognition applications.",35,60,"3,3,2,0,0,0,0,0,0,0,0,0,0,0",8a8383456a2ef3ea016a6cb73763206f,"0,0,0,0,0,1,0,0,0,1,0,0,1,0,0,0,1",0.0,0
71,AM.EN.H4CSE16001,8a838345695bde6601698faf20eb0278,Pattern Recognition,"Apply the parameter estimation techniques (MLE, Bayesian Parameter Estimation & Non Parametric Density Estimation) and use it to design real world pattern recognition applications.",35,60,"3,3,2,0,0,0,0,0,0,0,0,0,0,0",8a8383456a2ef3ea016a6cb73763206f,"0,0,0,0,0,1,0,0,0,1,0,0,0,1,0,0,1",0.0,0
72,AM.EN.H4CSE16001,8a838345695bde6601698fafbce80280,Pattern Recognition,"Have strong mathematical understanding on the traditional classifiers like Bayes, SVM, and Neural networks",35,60,"3,3,3,0,0,0,0,0,0,0,0,0,0,0",8a8383456a2ef3ea016a6cb73763206f,"0,0,0,0,0,1,0,0,0,1,0,0,1,0,0,0,1",0.0,0
73,AM.EN.H4CSE16001,8a838345695bde6601698fafeeca0284,Pattern Recognition,"Be able to model, design and develop pattern recognition application for real world applications.",35,60,"2,2,3,1,2,2,0,0,0,0,0,0,0,0",8a8383456a2ef3ea016a6cb73763206f,"0,0,0,0,0,1,0,0,0,1,0,0,1,0,0,0,1",0.0,0
61,AM.EN.H4CSE16001,8a838345695bde6601698faedcf30274,Pattern Recognition,"Learn about the Bayes classification framework, the minimum error rate classifier",35,60,"3,2,2,0,0,0,0,0,0,0,0,0,0,0",8a8383456a2ef3ea016a6c9862c32005,"0,0,0,0,0,1,0,0,0,0,1,0,1,0,0,0,1",0.875,1
62,AM.EN.H4CSE16001,8a838345695bde6601698faf20eb0278,Pattern Recognition,"Apply the parameter estimation techniques (MLE, Bayesian Parameter Estimation & Non Parametric Density Estimation) and use it to design real world pattern recognition applications.",35,60,"3,3,2,0,0,0,0,0,0,0,0,0,0,0",8a8383456a2ef3ea016a6c9862c32005,"0,0,0,0,0,1,0,0,0,0,1,0,1,0,0,0,1",0.0,0
63,AM.EN.H4CSE16001,8a838345695bde6601698faf20eb0278,Pattern Recognition,"Apply the parameter estimation techniques (MLE, Bayesian Parameter Estimation & Non Parametric Density Estimation) and use it to design real world pattern recognition applications.",35,60,"3,3,2,0,0,0,0,0,0,0,0,0,0,0",8a8383456a2ef3ea016a6c9862c32005,"0,0,0,0,0,1,0,0,0,0,1,0,1,0,0,0,1",0.833333333,1
64,AM.EN.H4CSE16001,8a838345695bde6601698faf20eb0278,Pattern Recognition,"Apply the parameter estimation techniques (MLE, Bayesian Parameter Estimation & Non Parametric Density Estimation) and use it to design real world pattern recognition applications.",35,60,"3,3,2,0,0,0,0,0,0,0,0,0,0,0",8a8383456a2ef3ea016a6c9862c32005,"0,0,0,0,0,1,0,0,0,0,1,0,0,1,0,0,1",0.5,1
65,AM.EN.H4CSE16001,8a838345695bde6601698fafbce80280,Pattern Recognition,"Have strong mathematical understanding on the traditional classifiers like Bayes, SVM, and Neural networks",35,60,"3,3,3,0,0,0,0,0,0,0,0,0,0,0",8a8383456a2ef3ea016a6c9862c32005,"0,0,0,0,0,1,0,0,0,0,1,0,1,0,0,0,1",0.0,0
66,AM.EN.H4CSE16001,8a838345695bde6601698fafbce80280,Pattern Recognition,"Have strong mathematical understanding on the traditional classifiers like Bayes, SVM, and Neural networks",35,60,"3,3,3,0,0,0,0,0,0,0,0,0,0,0",8a8383456a2ef3ea016a6c9862c32005,"0,0,0,0,0,1,0,0,0,0,1,0,0,1,0,0,1",1.0,1
67,AM.EN.H4CSE16001,8a838345695bde6601698fafeeca0284,Pattern Recognition,"Be able to model, design and develop pattern recognition application for real world applications.",35,60,"2,2,3,1,2,2,0,0,0,0,0,0,0,0",8a8383456a2ef3ea016a6c9862c32005,"0,0,0,0,0,1,0,0,0,0,1,0,0,1,0,0,1",1.0,1
94,AM.EN.H4CSE16002,8a838345683c675d016875389dfc21fb,Discrete Mathematics,Understand how to write an argument using logical notation and determine if the argument is        or is not valid.,35,50,"3,2,1,0,0,0,0,0,0,0,0,0,0,0",2c9fadbd7804835e017807d14454004a,"0,1,0,0,0,0,0,0,1,0,0,0,1,0,0,1,0",0.64,1
95,AM.EN.H4CSE16002,8a838345695bde660169b8afcc104723,Discrete Mathematics,Understand the basic principles of sets and operations in sets.,35,50,"3,3,2,0,0,0,0,0,0,0,0,0,0,0",2c9fadbd7804835e017807d14454004a,"0,1,0,0,0,0,0,0,1,0,0,0,1,0,0,1,0",0.64,1
96,AM.EN.H4CSE16002,8a838345695bde660169b8bffafa54f4,Discrete Mathematics,Ability to demonstrate an understanding of relations and functions and be able to determine  their properties,35,50,"3,3,2,0,0,0,0,0,0,0,0,0,0,0",2c9fadbd7804835e017807d14454004a,"0,1,0,0,0,0,0,0,1,0,0,0,1,0,0,1,0",0.64,1
97,AM.EN.H4CSE16002,8a838345695bde660169be9415b069e7,Discrete Mathematics,Ability to  demonstrate different traversal methods for trees and graphs,35,50,"3,2,1,0,0,0,0,0,0,0,0,0,0,0",2c9fadbd7804835e017807d14454004a,"0,1,0,0,0,0,0,0,1,0,0,0,1,0,0,1,0",0.64,1
98,AM.EN.H4CSE16002,8a838345695bde660169be94a2006a25,Discrete Mathematics,Ability to Model problems in Computer Science using graphs and tree.,35,50,"2,3,2,0,0,0,0,0,0,0,0,0,0,0",2c9fadbd7804835e017807d14454004a,"0,1,0,0,0,0,0,0,1,0,0,0,1,0,0,1,0",0.64,1
99,AM.EN.H4CSE16002,8a838345683c675d016875389dfc21fb,Discrete Mathematics,Understand how to write an argument using logical notation and determine if the argument is        or is not valid.,35,50,"3,2,1,0,0,0,0,0,0,0,0,0,0,0",2c9fadbd7804835e017807d14815006e,"0,1,0,0,0,0,0,0,0,1,0,0,1,0,0,1,0",0.26,0
100,AM.EN.H4CSE16002,8a838345695bde660169b8afcc104723,Discrete Mathematics,Understand the basic principles of sets and operations in sets.,35,50,"3,3,2,0,0,0,0,0,0,0,0,0,0,0",2c9fadbd7804835e017807d14815006e,"0,1,0,0,0,0,0,0,0,1,0,0,1,0,0,1,0",0.26,0
101,AM.EN.H4CSE16002,8a838345695bde660169b8bffafa54f4,Discrete Mathematics,Ability to demonstrate an understanding of relations and functions and be able to determine  their properties,35,50,"3,3,2,0,0,0,0,0,0,0,0,0,0,0",2c9fadbd7804835e017807d14815006e,"0,1,0,0,0,0,0,0,0,1,0,0,1,0,0,1,0",0.26,0
102,AM.EN.H4CSE16002,8a838345695bde660169be9415b069e7,Discrete Mathematics,Ability to  demonstrate different traversal methods for trees and graphs,35,50,"3,2,1,0,0,0,0,0,0,0,0,0,0,0",2c9fadbd7804835e017807d14815006e,"0,1,0,0,0,0,0,0,0,1,0,0,1,0,0,1,0",0.26,0
103,AM.EN.H4CSE16002,8a838345695bde660169be94a2006a25,Discrete Mathematics,Ability to Model problems in Computer Science using graphs and tree.,35,50,"2,3,2,0,0,0,0,0,0,0,0,0,0,0",2c9fadbd7804835e017807d14815006e,"0,1,0,0,0,0,0,0,0,1,0,0,1,0,0,1,0",0.26,0
104,AM.EN.H4CSE16002,8a838345683c675d016875389dfc21fb,Discrete Mathematics,Understand how to write an argument using logical notation and determine if the argument is        or is not valid.,35,50,"3,2,1,0,0,0,0,0,0,0,0,0,0,0",2c9fadbd7804835e017807d14bba0085,"0,1,0,0,0,0,0,0,0,0,1,0,1,0,0,1,0",0.8,1
105,AM.EN.H4CSE16002,8a838345695bde660169b8afcc104723,Discrete Mathematics,Understand the basic principles of sets and operations in sets.,35,50,"3,3,2,0,0,0,0,0,0,0,0,0,0,0",2c9fadbd7804835e017807d14bba0085,"0,1,0,0,0,0,0,0,0,0,1,0,1,0,0,1,0",0.8,1
106,AM.EN.H4CSE16002,8a838345695bde660169b8bffafa54f4,Discrete Mathematics,Ability to demonstrate an understanding of relations and functions and be able to determine  their properties,35,50,"3,3,2,0,0,0,0,0,0,0,0,0,0,0",2c9fadbd7804835e017807d14bba0085,"0,1,0,0,0,0,0,0,0,0,1,0,1,0,0,1,0",0.8,1
107,AM.EN.H4CSE16002,8a838345695bde660169be9415b069e7,Discrete Mathematics,Ability to  demonstrate different traversal methods for trees and graphs,35,50,"3,2,1,0,0,0,0,0,0,0,0,0,0,0",2c9fadbd7804835e017807d14bba0085,"0,1,0,0,0,0,0,0,0,0,1,0,1,0,0,1,0",0.8,1
108,AM.EN.H4CSE16002,8a838345695bde660169be94a2006a25,Discrete Mathematics,Ability to Model problems in Computer Science using graphs and tree.,35,50,"2,3,2,0,0,0,0,0,0,0,0,0,0,0",2c9fadbd7804835e017807d14bba0085,"0,1,0,0,0,0,0,0,0,0,1,0,1,0,0,1,0",0.8,1
109,AM.EN.H4CSE16002,8a838345683c675d016875389dfc21fb,Discrete Mathematics,Understand how to write an argument using logical notation and determine if the argument is        or is not valid.,35,50,"3,2,1,0,0,0,0,0,0,0,0,0,0,0",2c9fadbd7804835e017807d150bc00b0,"0,1,0,0,0,0,0,0,0,0,0,1,1,0,0,1,0",1.0,1
110,AM.EN.H4CSE16002,8a838345695bde660169b8afcc104723,Discrete Mathematics,Understand the basic principles of sets and operations in sets.,35,50,"3,3,2,0,0,0,0,0,0,0,0,0,0,0",2c9fadbd7804835e017807d150bc00b0,"0,1,0,0,0,0,0,0,0,0,0,1,1,0,0,1,0",0.3,0
111,AM.EN.H4CSE16002,8a838345695bde660169b8bffafa54f4,Discrete Mathematics,Ability to demonstrate an understanding of relations and functions and be able to determine  their properties,35,50,"3,3,2,0,0,0,0,0,0,0,0,0,0,0",2c9fadbd7804835e017807d150bc00b0,"0,1,0,0,0,0,0,0,0,0,0,1,1,0,0,1,0",0.58,1
112,AM.EN.H4CSE16002,8a838345695bde660169be9415b069e7,Discrete Mathematics,Ability to  demonstrate different traversal methods for trees and graphs,35,50,"3,2,1,0,0,0,0,0,0,0,0,0,0,0",2c9fadbd7804835e017807d150bc00b0,"0,1,0,0,0,0,0,0,0,0,0,1,1,0,0,1,0",0.72,1
113,AM.EN.H4CSE16002,8a838345695bde660169be94a2006a25,Discrete Mathematics,Ability to Model problems in Computer Science using graphs and tree.,35,50,"2,3,2,0,0,0,0,0,0,0,0,0,0,0",2c9fadbd7804835e017807d150bc00b0,"0,1,0,0,0,0,0,0,0,0,0,1,1,0,0,1,0",0.65,1
74,AM.EN.H4CSE16002,2c9fadbd77ff5d05017802ff98824cc9,Linear Algebra and Its Applications,"Define a vector space in terms of an arbitrary set with defined operations of vector addition and scalar multiplication that satisfy the vector space axioms. Introduce different examples of vector spaces including matrix spaces, function spaces under different definitions of vector addition and scalar multiplications",35,50,"3,2,1,0,0,0,0,0,0,0,0,0,0,0",2c9fadbd77ff5d050178030316544ced,"0,0,0,1,0,0,0,0,1,0,0,0,1,0,0,1,0",0.62,1
75,AM.EN.H4CSE16002,2c9fadbd77ff5d05017803000a984ccd,Linear Algebra and Its Applications,Identify when a linear system is consistent and when it is inconsistent and interpret the solution geometrically. Dealing with the basis and dimension of the solution space and also with rank and nullity of the matrix,35,50,"3,3,2,0,0,0,0,0,0,0,0,0,0,0",2c9fadbd77ff5d050178030316544ced,"0,0,0,1,0,0,0,0,1,0,0,0,1,0,0,1,0",0.62,1
76,AM.EN.H4CSE16002,2c9fadbd77ff5d050178030068b04cd1,Linear Algebra and Its Applications,Construct an orthonormal basis from a given basis and obtain a basis for the orthogonal complement,35,50,"3,3,2,0,0,0,0,0,0,0,0,0,0,0",2c9fadbd77ff5d050178030316544ced,"0,0,0,1,0,0,0,0,1,0,0,0,1,0,0,1,0",0.62,1
77,AM.EN.H4CSE16002,2c9fadbd77ff5d0501780300d7a74cd5,Linear Algebra and Its Applications,Distinguish between linear and nonlinear transformations. Define the matrix representation of a linear transformation from to Rn to Rn,35,50,"3,2,2,0,0,0,0,0,0,0,0,0,0,0",2c9fadbd77ff5d050178030316544ced,"0,0,0,1,0,0,0,0,1,0,0,0,1,0,0,1,0",0.62,1
78,AM.EN.H4CSE16002,2c9fadbd77ff5d050178030132334cd9,Linear Algebra and Its Applications,"Solve linear systems represented as linear transforms and express linear transforms in other forms, such as matrix equations or as vector equations.",35,50,"3,3,2,0,0,0,0,0,0,0,0,0,0,0",2c9fadbd77ff5d050178030316544ced,"0,0,0,1,0,0,0,0,1,0,0,0,1,0,0,1,0",0.62,1
79,AM.EN.H4CSE16002,2c9fadbd77ff5d05017802ff98824cc9,Linear Algebra and Its Applications,"Define a vector space in terms of an arbitrary set with defined operations of vector addition and scalar multiplication that satisfy the vector space axioms. Introduce different examples of vector spaces including matrix spaces, function spaces under different definitions of vector addition and scalar multiplications",35,50,"3,2,1,0,0,0,0,0,0,0,0,0,0,0",2c9fadbd77ff5d050178030319df4d11,"0,0,0,1,0,0,0,0,0,1,0,0,1,0,0,1,0",0.7,1
80,AM.EN.H4CSE16002,2c9fadbd77ff5d05017803000a984ccd,Linear Algebra and Its Applications,Identify when a linear system is consistent and when it is inconsistent and interpret the solution geometrically. Dealing with the basis and dimension of the solution space and also with rank and nullity of the matrix,35,50,"3,3,2,0,0,0,0,0,0,0,0,0,0,0",2c9fadbd77ff5d050178030319df4d11,"0,0,0,1,0,0,0,0,0,1,0,0,1,0,0,1,0",0.7,1
81,AM.EN.H4CSE16002,2c9fadbd77ff5d050178030068b04cd1,Linear Algebra and Its Applications,Construct an orthonormal basis from a given basis and obtain a basis for the orthogonal complement,35,50,"3,3,2,0,0,0,0,0,0,0,0,0,0,0",2c9fadbd77ff5d050178030319df4d11,"0,0,0,1,0,0,0,0,0,1,0,0,1,0,0,1,0",0.7,1
82,AM.EN.H4CSE16002,2c9fadbd77ff5d0501780300d7a74cd5,Linear Algebra and Its Applications,Distinguish between linear and nonlinear transformations. Define the matrix representation of a linear transformation from to Rn to Rn,35,50,"3,2,2,0,0,0,0,0,0,0,0,0,0,0",2c9fadbd77ff5d050178030319df4d11,"0,0,0,1,0,0,0,0,0,1,0,0,1,0,0,1,0",0.7,1
83,AM.EN.H4CSE16002,2c9fadbd77ff5d050178030132334cd9,Linear Algebra and Its Applications,"Solve linear systems represented as linear transforms and express linear transforms in other forms, such as matrix equations or as vector equations.",35,50,"3,3,2,0,0,0,0,0,0,0,0,0,0,0",2c9fadbd77ff5d050178030319df4d11,"0,0,0,1,0,0,0,0,0,1,0,0,1,0,0,1,0",0.7,1
84,AM.EN.H4CSE16002,2c9fadbd77ff5d05017802ff98824cc9,Linear Algebra and Its Applications,"Define a vector space in terms of an arbitrary set with defined operations of vector addition and scalar multiplication that satisfy the vector space axioms. Introduce different examples of vector spaces including matrix spaces, function spaces under different definitions of vector addition and scalar multiplications",35,50,"3,2,1,0,0,0,0,0,0,0,0,0,0,0",2c9fadbd77ff5d05017803031d3f4d28,"0,0,0,1,0,0,0,0,0,0,1,0,1,0,0,1,0",0.8,1
85,AM.EN.H4CSE16002,2c9fadbd77ff5d05017803000a984ccd,Linear Algebra and Its Applications,Identify when a linear system is consistent and when it is inconsistent and interpret the solution geometrically. Dealing with the basis and dimension of the solution space and also with rank and nullity of the matrix,35,50,"3,3,2,0,0,0,0,0,0,0,0,0,0,0",2c9fadbd77ff5d05017803031d3f4d28,"0,0,0,1,0,0,0,0,0,0,1,0,1,0,0,1,0",0.8,1
86,AM.EN.H4CSE16002,2c9fadbd77ff5d050178030068b04cd1,Linear Algebra and Its Applications,Construct an orthonormal basis from a given basis and obtain a basis for the orthogonal complement,35,50,"3,3,2,0,0,0,0,0,0,0,0,0,0,0",2c9fadbd77ff5d05017803031d3f4d28,"0,0,0,1,0,0,0,0,0,0,1,0,1,0,0,1,0",0.8,1
87,AM.EN.H4CSE16002,2c9fadbd77ff5d0501780300d7a74cd5,Linear Algebra and Its Applications,Distinguish between linear and nonlinear transformations. Define the matrix representation of a linear transformation from to Rn to Rn,35,50,"3,2,2,0,0,0,0,0,0,0,0,0,0,0",2c9fadbd77ff5d05017803031d3f4d28,"0,0,0,1,0,0,0,0,0,0,1,0,1,0,0,1,0",0.8,1
88,AM.EN.H4CSE16002,2c9fadbd77ff5d050178030132334cd9,Linear Algebra and Its Applications,"Solve linear systems represented as linear transforms and express linear transforms in other forms, such as matrix equations or as vector equations.",35,50,"3,3,2,0,0,0,0,0,0,0,0,0,0,0",2c9fadbd77ff5d05017803031d3f4d28,"0,0,0,1,0,0,0,0,0,0,1,0,1,0,0,1,0",0.8,1
89,AM.EN.H4CSE16002,2c9fadbd77ff5d05017802ff98824cc9,Linear Algebra and Its Applications,"Define a vector space in terms of an arbitrary set with defined operations of vector addition and scalar multiplication that satisfy the vector space axioms. Introduce different examples of vector spaces including matrix spaces, function spaces under different definitions of vector addition and scalar multiplications",35,50,"3,2,1,0,0,0,0,0,0,0,0,0,0,0",2c9fadbd77ff5d0501780303218d4d53,"0,0,0,1,0,0,0,0,0,0,0,1,1,0,0,1,0",0.185,0
90,AM.EN.H4CSE16002,2c9fadbd77ff5d05017803000a984ccd,Linear Algebra and Its Applications,Identify when a linear system is consistent and when it is inconsistent and interpret the solution geometrically. Dealing with the basis and dimension of the solution space and also with rank and nullity of the matrix,35,50,"3,3,2,0,0,0,0,0,0,0,0,0,0,0",2c9fadbd77ff5d0501780303218d4d53,"0,0,0,1,0,0,0,0,0,0,0,1,1,0,0,1,0",0.715,1
91,AM.EN.H4CSE16002,2c9fadbd77ff5d050178030068b04cd1,Linear Algebra and Its Applications,Construct an orthonormal basis from a given basis and obtain a basis for the orthogonal complement,35,50,"3,3,2,0,0,0,0,0,0,0,0,0,0,0",2c9fadbd77ff5d0501780303218d4d53,"0,0,0,1,0,0,0,0,0,0,0,1,1,0,0,1,0",0.5,1
92,AM.EN.H4CSE16002,2c9fadbd77ff5d0501780300d7a74cd5,Linear Algebra and Its Applications,Distinguish between linear and nonlinear transformations. Define the matrix representation of a linear transformation from to Rn to Rn,35,50,"3,2,2,0,0,0,0,0,0,0,0,0,0,0",2c9fadbd77ff5d0501780303218d4d53,"0,0,0,1,0,0,0,0,0,0,0,1,1,0,0,1,0",0.4,0
93,AM.EN.H4CSE16002,2c9fadbd77ff5d050178030132334cd9,Linear Algebra and Its Applications,"Solve linear systems represented as linear transforms and express linear transforms in other forms, such as matrix equations or as vector equations.",35,50,"3,3,2,0,0,0,0,0,0,0,0,0,0,0",2c9fadbd77ff5d0501780303218d4d53,"0,0,0,1,0,0,0,0,0,0,0,1,1,0,0,1,0",0.45,0
114,AM.EN.H4CSE16002,8a838345695bde6601699aaf65fe1fec,Software Engineering,Understand the principles of software engineering,40,57,"1,0,0,0,0,0,0,0,0,0,1,0,0,0",2c9fadbd782db63a0178315c17ea2159,"0,0,0,0,0,1,0,0,1,0,0,0,1,0,0,0,1",0.32,0
115,AM.EN.H4CSE16002,8a838345695bde6601699aafb9b61ff3,Software Engineering,Understand various software process models,40,60,"1,3,2,0,0,0,0,0,0,0,0,0,0,0",2c9fadbd782db63a0178315c17ea2159,"0,0,0,0,0,1,0,0,1,0,0,0,1,0,0,0,1",0.32,0
116,AM.EN.H4CSE16002,8a838345695bde6601699aaffdb81ffa,Software Engineering,Apply the appropriate design methodology for a real world application,40,60,"2,1,3,0,2,0,0,0,1,0,0,0,0,0",2c9fadbd782db63a0178315c17ea2159,"0,0,0,0,0,1,0,0,1,0,0,0,1,0,0,0,1",0.32,0
117,AM.EN.H4CSE16002,8a838345695bde6601699ab087462004,Software Engineering,Evaluate a system developed for real-world applications in Agile Mode,40,56,"2,2,3,0,3,0,0,0,3,1,2,0,0,0",2c9fadbd782db63a0178315c17ea2159,"0,0,0,0,0,1,0,0,1,0,0,0,1,0,0,0,1",0.32,0
118,AM.EN.H4CSE16002,8a838345695bde6601699aaf65fe1fec,Software Engineering,Understand the principles of software engineering,40,57,"1,0,0,0,0,0,0,0,0,0,1,0,0,0",2c9fadbd782db63a0178315c1c7d2180,"0,0,0,0,0,1,0,0,0,1,0,0,1,0,0,0,1",0.52,1
119,AM.EN.H4CSE16002,8a838345695bde6601699aafb9b61ff3,Software Engineering,Understand various software process models,40,60,"1,3,2,0,0,0,0,0,0,0,0,0,0,0",2c9fadbd782db63a0178315c1c7d2180,"0,0,0,0,0,1,0,0,0,1,0,0,1,0,0,0,1",0.52,1
120,AM.EN.H4CSE16002,8a838345695bde6601699aaffdb81ffa,Software Engineering,Apply the appropriate design methodology for a real world application,40,60,"2,1,3,0,2,0,0,0,1,0,0,0,0,0",2c9fadbd782db63a0178315c1c7d2180,"0,0,0,0,0,1,0,0,0,1,0,0,1,0,0,0,1",0.52,1
121,AM.EN.H4CSE16002,8a838345695bde6601699ab087462004,Software Engineering,Evaluate a system developed for real-world applications in Agile Mode,40,56,"2,2,3,0,3,0,0,0,3,1,2,0,0,0",2c9fadbd782db63a0178315c1c7d2180,"0,0,0,0,0,1,0,0,0,1,0,0,1,0,0,0,1",0.52,1
130,AM.EN.H4CSE16002,8a838345695bde6601698fae7dce0270,Pattern Recognition,Understand and be able to apply the methods of regression and classification,35,60,"3,1,2,0,0,0,0,0,0,0,0,0,0,0",8a8383456a2ef3ea016a6cb73763206f,"0,0,0,0,0,1,0,0,0,1,0,0,0,0,1,0,1",0.0,0
131,AM.EN.H4CSE16002,8a838345695bde6601698faedcf30274,Pattern Recognition,"Learn about the Bayes classification framework, the minimum error rate classifier",35,60,"3,2,2,0,0,0,0,0,0,0,0,0,0,0",8a8383456a2ef3ea016a6cb73763206f,"0,0,0,0,0,1,0,0,0,1,0,0,1,0,0,0,1",0.0,0
132,AM.EN.H4CSE16002,8a838345695bde6601698faf20eb0278,Pattern Recognition,"Apply the parameter estimation techniques (MLE, Bayesian Parameter Estimation & Non Parametric Density Estimation) and use it to design real world pattern recognition applications.",35,60,"3,3,2,0,0,0,0,0,0,0,0,0,0,0",8a8383456a2ef3ea016a6cb73763206f,"0,0,0,0,0,1,0,0,0,1,0,0,1,0,0,0,1",0.0,0
133,AM.EN.H4CSE16002,8a838345695bde6601698faf20eb0278,Pattern Recognition,"Apply the parameter estimation techniques (MLE, Bayesian Parameter Estimation & Non Parametric Density Estimation) and use it to design real world pattern recognition applications.",35,60,"3,3,2,0,0,0,0,0,0,0,0,0,0,0",8a8383456a2ef3ea016a6cb73763206f,"0,0,0,0,0,1,0,0,0,1,0,0,0,1,0,0,1",0.0,0
134,AM.EN.H4CSE16002,8a838345695bde6601698fafbce80280,Pattern Recognition,"Have strong mathematical understanding on the traditional classifiers like Bayes, SVM, and Neural networks",35,60,"3,3,3,0,0,0,0,0,0,0,0,0,0,0",8a8383456a2ef3ea016a6cb73763206f,"0,0,0,0,0,1,0,0,0,1,0,0,1,0,0,0,1",0.0,0
135,AM.EN.H4CSE16002,8a838345695bde6601698fafeeca0284,Pattern Recognition,"Be able to model, design and develop pattern recognition application for real world applications.",35,60,"2,2,3,1,2,2,0,0,0,0,0,0,0,0",8a8383456a2ef3ea016a6cb73763206f,"0,0,0,0,0,1,0,0,0,1,0,0,1,0,0,0,1",0.0,0
122,AM.EN.H4CSE16002,8a838345695bde6601699aaf65fe1fec,Software Engineering,Understand the principles of software engineering,40,57,"1,0,0,0,0,0,0,0,0,0,1,0,0,0",2c9fadbd782db63a0178315c212c2198,"0,0,0,0,0,1,0,0,0,0,1,0,1,0,0,0,1",0.9,1
123,AM.EN.H4CSE16002,8a838345695bde6601699aafb9b61ff3,Software Engineering,Understand various software process models,40,60,"1,3,2,0,0,0,0,0,0,0,0,0,0,0",2c9fadbd782db63a0178315c212c2198,"0,0,0,0,0,1,0,0,0,0,1,0,1,0,0,0,1",0.9,1
124,AM.EN.H4CSE16002,8a838345695bde6601699aaffdb81ffa,Software Engineering,Apply the appropriate design methodology for a real world application,40,60,"2,1,3,0,2,0,0,0,1,0,0,0,0,0",2c9fadbd782db63a0178315c212c2198,"0,0,0,0,0,1,0,0,0,0,1,0,1,0,0,0,1",0.9,1
125,AM.EN.H4CSE16002,8a838345695bde6601699ab087462004,Software Engineering,Evaluate a system developed for real-world applications in Agile Mode,40,56,"2,2,3,0,3,0,0,0,3,1,2,0,0,0",2c9fadbd782db63a0178315c212c2198,"0,0,0,0,0,1,0,0,0,0,1,0,1,0,0,0,1",0.9,1
126,AM.EN.H4CSE16002,8a838345695bde6601699aaf65fe1fec,Software Engineering,Understand the principles of software engineering,40,57,"1,0,0,0,0,0,0,0,0,0,1,0,0,0",2c9fadbd782db63a0178315c270321c4,"0,0,0,0,0,1,0,0,0,0,0,1,1,0,0,0,1",0.45,0
127,AM.EN.H4CSE16002,8a838345695bde6601699aafb9b61ff3,Software Engineering,Understand various software process models,40,60,"1,3,2,0,0,0,0,0,0,0,0,0,0,0",2c9fadbd782db63a0178315c270321c4,"0,0,0,0,0,1,0,0,0,0,0,1,1,0,0,0,1",0.39,0
128,AM.EN.H4CSE16002,8a838345695bde6601699aaffdb81ffa,Software Engineering,Apply the appropriate design methodology for a real world application,40,60,"2,1,3,0,2,0,0,0,1,0,0,0,0,0",2c9fadbd782db63a0178315c270321c4,"0,0,0,0,0,1,0,0,0,0,0,1,1,0,0,0,1",0.46,0
129,AM.EN.H4CSE16002,8a838345695bde6601699ab087462004,Software Engineering,Evaluate a system developed for real-world applications in Agile Mode,40,56,"2,2,3,0,3,0,0,0,3,1,2,0,0,0",2c9fadbd782db63a0178315c270321c4,"0,0,0,0,0,1,0,0,0,0,0,1,1,0,0,0,1",0.38,0
198,AM.EN.U4CSE15152,8a8383456721a4a101672a88b8ee0079,Machine Learning and Data Mining,Understand the fundamental concepts of Data mining and basic theory underlying Machine learning.,35,50,"3,3,0,3,0,2,0,0,3,0,0,0,0,0",2c9fadbd788ad6fd01788b468aeb0011,"0,0,0,0,0,0,1,0,1,0,0,0,1,0,0,0,1",0.26,0
199,AM.EN.U4CSE15152,8a8383456721a4a101672a8aa0f0007d,Machine Learning and Data Mining,Understand the types of the data to be mined and apply pre-processing methods.,35,60,"3,3,0,0,3,0,0,0,3,0,0,0,0,0",2c9fadbd788ad6fd01788b468aeb0011,"0,0,0,0,0,0,1,0,1,0,0,0,1,0,0,0,1",0.26,0
200,AM.EN.U4CSE15152,8a8383456721a4a101672a8b20c10081,Machine Learning and Data Mining,Apply appropriate classication and clustering techniques for real word applications.,35,50,"3,0,3,0,3,0,0,0,3,0,0,0,0,0",2c9fadbd788ad6fd01788b468aeb0011,"0,0,0,0,0,0,1,0,1,0,0,0,1,0,0,0,1",0.26,0
201,AM.EN.U4CSE15152,8a8383456721a4a101672a8aa0f0007d,Machine Learning and Data Mining,Understand the types of the data to be mined and apply pre-processing methods.,35,60,"3,3,0,0,3,0,0,0,3,0,0,0,0,0",2c9fadbd788ad6fd01788b469a6200e6,"0,0,0,0,0,0,1,0,0,1,0,0,1,0,0,0,1",0.68,1
202,AM.EN.U4CSE15152,8a8383456721a4a101672a8b20c10081,Machine Learning and Data Mining,Apply appropriate classication and clustering techniques for real word applications.,35,50,"3,0,3,0,3,0,0,0,3,0,0,0,0,0",2c9fadbd788ad6fd01788b469a6200e6,"0,0,0,0,0,0,1,0,0,1,0,0,1,0,0,0,1",0.68,1
203,AM.EN.U4CSE15152,8a8383456721a4a101672a8b9a3c0085,Machine Learning and Data Mining,Analyze the performance of various classiers and clusters techniques,40,50,"3,3,0,0,3,0,0,0,3,0,0,0,0,0",2c9fadbd788ad6fd01788b469a6200e6,"0,0,0,0,0,0,1,0,0,1,0,0,1,0,0,0,1",0.68,1
204,AM.EN.U4CSE15152,8a8383456721a4a101672a8bf76f0089,Machine Learning and Data Mining,Apply and evaluate the interesting patterns discovered from association mining,40,50,"3,2,1,2,3,0,0,0,3,0,0,0,0,0",2c9fadbd788ad6fd01788b469a6200e6,"0,0,0,0,0,0,1,0,0,1,0,0,1,0,0,0,1",0.68,1
234,AM.EN.U4CSE15152,8a8383456721a4a101672a88b8ee0079,Machine Learning and Data Mining,Understand the fundamental concepts of Data mining and basic theory underlying Machine learning.,35,50,"3,3,0,3,0,2,0,0,3,0,0,0,0,0",8a83834567ad07970167b09af38b70f6,"0,0,0,0,0,0,1,0,0,1,0,0,1,0,0,0,1",0.611111111,1
235,AM.EN.U4CSE15152,8a8383456721a4a101672a88b8ee0079,Machine Learning and Data Mining,Understand the fundamental concepts of Data mining and basic theory underlying Machine learning.,35,50,"3,3,0,3,0,2,0,0,3,0,0,0,0,0",8a83834567ad07970167b09af38b70f6,"0,0,0,0,0,0,1,0,0,1,0,0,1,0,0,0,1",0.679487179,1
236,AM.EN.U4CSE15152,8a8383456721a4a101672a88b8ee0079,Machine Learning and Data Mining,Understand the fundamental concepts of Data mining and basic theory underlying Machine learning.,35,50,"3,3,0,3,0,2,0,0,3,0,0,0,0,0",8a83834567ad07970167b09af38b70f6,"0,0,0,0,0,0,1,0,0,1,0,0,0,1,0,0,1",1.0,1
237,AM.EN.U4CSE15152,8a8383456721a4a101672a8aa0f0007d,Machine Learning and Data Mining,Understand the types of the data to be mined and apply pre-processing methods.,35,60,"3,3,0,0,3,0,0,0,3,0,0,0,0,0",8a83834567ad07970167b09af38b70f6,"0,0,0,0,0,0,1,0,0,1,0,0,1,0,0,0,1",0.611111111,1
238,AM.EN.U4CSE15152,8a8383456721a4a101672a8aa0f0007d,Machine Learning and Data Mining,Understand the types of the data to be mined and apply pre-processing methods.,35,60,"3,3,0,0,3,0,0,0,3,0,0,0,0,0",8a83834567ad07970167b09af38b70f6,"0,0,0,0,0,0,1,0,0,1,0,0,1,0,0,0,1",0.679487179,1
239,AM.EN.U4CSE15152,8a8383456721a4a101672a8aa0f0007d,Machine Learning and Data Mining,Understand the types of the data to be mined and apply pre-processing methods.,35,60,"3,3,0,0,3,0,0,0,3,0,0,0,0,0",8a83834567ad07970167b09af38b70f6,"0,0,0,0,0,0,1,0,0,1,0,0,0,1,0,0,1",1.0,1
240,AM.EN.U4CSE15152,8a8383456721a4a101672a8b20c10081,Machine Learning and Data Mining,Apply appropriate classication and clustering techniques for real word applications.,35,50,"3,0,3,0,3,0,0,0,3,0,0,0,0,0",8a83834567ad07970167b09af38b70f6,"0,0,0,0,0,0,1,0,0,1,0,0,1,0,0,0,1",0.611111111,1
241,AM.EN.U4CSE15152,8a8383456721a4a101672a8b20c10081,Machine Learning and Data Mining,Apply appropriate classication and clustering techniques for real word applications.,35,50,"3,0,3,0,3,0,0,0,3,0,0,0,0,0",8a83834567ad07970167b09af38b70f6,"0,0,0,0,0,0,1,0,0,1,0,0,1,0,0,0,1",0.541666667,1
242,AM.EN.U4CSE15152,8a8383456721a4a101672a8bf76f0089,Machine Learning and Data Mining,Apply and evaluate the interesting patterns discovered from association mining,40,50,"3,2,1,2,3,0,0,0,3,0,0,0,0,0",8a83834567ad07970167b09af38b70f6,"0,0,0,0,0,0,1,0,0,1,0,0,1,0,0,0,1",0.9,1
243,AM.EN.U4CSE15152,8a8383456721a4a101672a8bf76f0089,Machine Learning and Data Mining,Apply and evaluate the interesting patterns discovered from association mining,40,50,"3,2,1,2,3,0,0,0,3,0,0,0,0,0",8a83834567ad07970167b09af38b70f6,"0,0,0,0,0,0,1,0,0,1,0,0,0,1,0,0,1",1.0,1
205,AM.EN.U4CSE15152,8a8383456721a4a101672a88b8ee0079,Machine Learning and Data Mining,Understand the fundamental concepts of Data mining and basic theory underlying Machine learning.,35,50,"3,3,0,3,0,2,0,0,3,0,0,0,0,0",2c9fadbd788ad6fd01788b46a9be01ac,"0,0,0,0,0,0,1,0,0,0,1,0,1,0,0,0,1",0.8025,1
206,AM.EN.U4CSE15152,8a8383456721a4a101672a8aa0f0007d,Machine Learning and Data Mining,Understand the types of the data to be mined and apply pre-processing methods.,35,60,"3,3,0,0,3,0,0,0,3,0,0,0,0,0",2c9fadbd788ad6fd01788b46a9be01ac,"0,0,0,0,0,0,1,0,0,0,1,0,1,0,0,0,1",0.8025,1
207,AM.EN.U4CSE15152,8a8383456721a4a101672a8b20c10081,Machine Learning and Data Mining,Apply appropriate classication and clustering techniques for real word applications.,35,50,"3,0,3,0,3,0,0,0,3,0,0,0,0,0",2c9fadbd788ad6fd01788b46a9be01ac,"0,0,0,0,0,0,1,0,0,0,1,0,1,0,0,0,1",0.8025,1
208,AM.EN.U4CSE15152,8a8383456721a4a101672a8b9a3c0085,Machine Learning and Data Mining,Analyze the performance of various classiers and clusters techniques,40,50,"3,3,0,0,3,0,0,0,3,0,0,0,0,0",2c9fadbd788ad6fd01788b46a9be01ac,"0,0,0,0,0,0,1,0,0,0,1,0,1,0,0,0,1",0.8025,1
209,AM.EN.U4CSE15152,8a8383456721a4a101672a8bf76f0089,Machine Learning and Data Mining,Apply and evaluate the interesting patterns discovered from association mining,40,50,"3,2,1,2,3,0,0,0,3,0,0,0,0,0",2c9fadbd788ad6fd01788b46a9be01ac,"0,0,0,0,0,0,1,0,0,0,1,0,1,0,0,0,1",0.8025,1
215,AM.EN.U4CSE15152,8a838345673ec61901673ee4fd6d02fb,Structure and Interpretation of Computer Programs,Understand the very basics of Lazy Functional Language,50,60,"3,2,2,0,2,0,0,0,0,0,0,0,0,0",8a83834567a289350167a5dae20603cb,"0,0,0,0,0,0,1,0,0,0,1,0,1,0,0,0,1",0.49,0
216,AM.EN.U4CSE15152,8a838345673ec61901673ee84559037f,Structure and Interpretation of Computer Programs,"Understand type checking, type-inference as implemented in Haskell",50,60,"3,2,2,0,2,0,0,0,0,0,0,0,0,0",8a83834567a289350167a5dae20603cb,"0,0,0,0,0,0,1,0,0,0,1,0,1,0,0,0,1",0.49,0
217,AM.EN.U4CSE15152,8a838345673ec61901673ee4fd6d02fb,Structure and Interpretation of Computer Programs,Understand the very basics of Lazy Functional Language,50,60,"3,2,2,0,2,0,0,0,0,0,0,0,0,0",8a83834567a289350167a5e3d90406f5,"0,0,0,0,0,0,1,0,0,0,1,0,1,0,0,0,1",0.0,0
218,AM.EN.U4CSE15152,8a838345673ec61901673ee84559037f,Structure and Interpretation of Computer Programs,"Understand type checking, type-inference as implemented in Haskell",50,60,"3,2,2,0,2,0,0,0,0,0,0,0,0,0",8a83834567a289350167a5e3d90406f5,"0,0,0,0,0,0,1,0,0,0,1,0,1,0,0,0,1",0.0,0
219,AM.EN.U4CSE15152,8a838345673ec61901673ee84559037f,Structure and Interpretation of Computer Programs,"Understand type checking, type-inference as implemented in Haskell",50,60,"3,2,2,0,2,0,0,0,0,0,0,0,0,0",8a83834567a289350167a5ea9beb0917,"0,0,0,0,0,0,1,0,0,0,1,0,1,0,0,0,1",0.7,1
220,AM.EN.U4CSE15152,8a8383456721a4a101672a88b8ee0079,Machine Learning and Data Mining,Understand the fundamental concepts of Data mining and basic theory underlying Machine learning.,35,50,"3,3,0,3,0,2,0,0,3,0,0,0,0,0",8a83834567a289350167a5fb77bc0ec8,"0,0,0,0,0,0,1,0,0,0,1,0,1,0,0,0,1",0.3,0
221,AM.EN.U4CSE15152,8a8383456721a4a101672a88b8ee0079,Machine Learning and Data Mining,Understand the fundamental concepts of Data mining and basic theory underlying Machine learning.,35,50,"3,3,0,3,0,2,0,0,3,0,0,0,0,0",8a83834567a289350167a5fb77bc0ec8,"0,0,0,0,0,0,1,0,0,0,1,0,1,0,0,0,1",0.25,0
222,AM.EN.U4CSE15152,8a8383456721a4a101672a8aa0f0007d,Machine Learning and Data Mining,Understand the types of the data to be mined and apply pre-processing methods.,35,60,"3,3,0,0,3,0,0,0,3,0,0,0,0,0",8a83834567a289350167a5fb77bc0ec8,"0,0,0,0,0,0,1,0,0,0,1,0,1,0,0,0,1",0.3,0
223,AM.EN.U4CSE15152,8a8383456721a4a101672a8aa0f0007d,Machine Learning and Data Mining,Understand the types of the data to be mined and apply pre-processing methods.,35,60,"3,3,0,0,3,0,0,0,3,0,0,0,0,0",8a83834567a289350167a5fb77bc0ec8,"0,0,0,0,0,0,1,0,0,0,1,0,1,0,0,0,1",0.25,0
224,AM.EN.U4CSE15152,8a8383456721a4a101672a8b20c10081,Machine Learning and Data Mining,Apply appropriate classication and clustering techniques for real word applications.,35,50,"3,0,3,0,3,0,0,0,3,0,0,0,0,0",8a83834567a289350167a5fb77bc0ec8,"0,0,0,0,0,0,1,0,0,0,1,0,1,0,0,0,1",0.3,0
225,AM.EN.U4CSE15152,8a8383456721a4a101672a8b20c10081,Machine Learning and Data Mining,Apply appropriate classication and clustering techniques for real word applications.,35,50,"3,0,3,0,3,0,0,0,3,0,0,0,0,0",8a83834567a289350167a5fb77bc0ec8,"0,0,0,0,0,0,1,0,0,0,1,0,1,0,0,0,1",0.117647059,0
226,AM.EN.U4CSE15152,8a8383456721a4a101672a8b9a3c0085,Machine Learning and Data Mining,Analyze the performance of various classiers and clusters techniques,40,50,"3,3,0,0,3,0,0,0,3,0,0,0,0,0",8a83834567a289350167a5fb77bc0ec8,"0,0,0,0,0,0,1,0,0,0,1,0,1,0,0,0,1",0.3,0
227,AM.EN.U4CSE15152,8a8383456721a4a101672a8b9a3c0085,Machine Learning and Data Mining,Analyze the performance of various classiers and clusters techniques,40,50,"3,3,0,0,3,0,0,0,3,0,0,0,0,0",8a83834567a289350167a5fb77bc0ec8,"0,0,0,0,0,0,1,0,0,0,1,0,1,0,0,0,1",0.117647059,0
228,AM.EN.U4CSE15152,8a8383456721a4a101672a8bf76f0089,Machine Learning and Data Mining,Apply and evaluate the interesting patterns discovered from association mining,40,50,"3,2,1,2,3,0,0,0,3,0,0,0,0,0",8a83834567a289350167a5fb77bc0ec8,"0,0,0,0,0,0,1,0,0,0,1,0,1,0,0,0,1",0.117647059,0
229,AM.EN.U4CSE15152,8a838345673ec61901673fdc4a530817,Information Security,"Gain familiarity with prevalent attacks, defences against them, and forensics to investigate the aftermath",35,60,"3,3,3,0,0,0,0,0,0,0,0,0,0,0",8a83834567a289350167acc0bc4c670a,"0,0,0,0,0,0,1,0,0,0,1,0,1,0,0,0,1",0.8,1
230,AM.EN.U4CSE15152,8a838345673ec61901673fdc4a530817,Information Security,"Gain familiarity with prevalent attacks, defences against them, and forensics to investigate the aftermath",35,60,"3,3,3,0,0,0,0,0,0,0,0,0,0,0",8a83834567a289350167acc0bc4c670a,"0,0,0,0,0,0,1,0,0,0,1,0,1,0,0,0,1",0.55,1
231,AM.EN.U4CSE15152,8a838345673ec61901673fdc4a530817,Information Security,"Gain familiarity with prevalent attacks, defences against them, and forensics to investigate the aftermath",35,60,"3,3,3,0,0,0,0,0,0,0,0,0,0,0",8a83834567a289350167acc0bc4c670a,"0,0,0,0,0,0,1,0,0,0,1,0,0,0,1,0,1",0.9,1
232,AM.EN.U4CSE15152,8a838345673ec61901673fdc4a530817,Information Security,"Gain familiarity with prevalent attacks, defences against them, and forensics to investigate the aftermath",35,60,"3,3,3,0,0,0,0,0,0,0,0,0,0,0",8a83834567a289350167acc0bc4c670a,"0,0,0,0,0,0,1,0,0,0,1,0,0,0,1,0,1",0.6,1
233,AM.EN.U4CSE15152,8a838345673ec61901673fdc4a530817,Information Security,"Gain familiarity with prevalent attacks, defences against them, and forensics to investigate the aftermath",35,60,"3,3,3,0,0,0,0,0,0,0,0,0,0,0",8a83834567a289350167acc0bc4c670a,"0,0,0,0,0,0,1,0,0,0,1,0,0,1,0,0,1",0.8,1
244,AM.EN.U4CSE15152,8a838345673ec61901673ed5dadc0117,Net Centric Programming,"Design, develop and deploy client/server applications",35,60,"0,2,3,0,1,0,0,0,0,0,0,0,0,0",8a83834567ad07970167b1574cd019d3,"0,0,0,0,0,0,1,0,0,0,1,0,1,0,0,0,1",0.6,1
245,AM.EN.U4CSE15152,8a838345673ec61901673ed5dadc0117,Net Centric Programming,"Design, develop and deploy client/server applications",35,60,"0,2,3,0,1,0,0,0,0,0,0,0,0,0",8a83834567ad07970167b1574cd019d3,"0,0,0,0,0,0,1,0,0,0,1,0,0,0,1,0,1",0.333333333,0
246,AM.EN.U4CSE15152,8a838345673ec61901673ed5dadc0117,Net Centric Programming,"Design, develop and deploy client/server applications",35,60,"0,2,3,0,1,0,0,0,0,0,0,0,0,0",8a83834567ad07970167b1574cd019d3,"0,0,0,0,0,0,1,0,0,0,1,0,0,1,0,0,1",0.25,0
210,AM.EN.U4CSE15152,8a8383456721a4a101672a88b8ee0079,Machine Learning and Data Mining,Understand the fundamental concepts of Data mining and basic theory underlying Machine learning.,35,50,"3,3,0,3,0,2,0,0,3,0,0,0,0,0",2c9fadbd788ad6fd01788b46ba630286,"0,0,0,0,0,0,1,0,0,0,0,1,1,0,0,0,1",0.795,1
211,AM.EN.U4CSE15152,8a8383456721a4a101672a8aa0f0007d,Machine Learning and Data Mining,Understand the types of the data to be mined and apply pre-processing methods.,35,60,"3,3,0,0,3,0,0,0,3,0,0,0,0,0",2c9fadbd788ad6fd01788b46ba630286,"0,0,0,0,0,0,1,0,0,0,0,1,1,0,0,0,1",0.605,1
212,AM.EN.U4CSE15152,8a8383456721a4a101672a8b20c10081,Machine Learning and Data Mining,Apply appropriate classication and clustering techniques for real word applications.,35,50,"3,0,3,0,3,0,0,0,3,0,0,0,0,0",2c9fadbd788ad6fd01788b46ba630286,"0,0,0,0,0,0,1,0,0,0,0,1,1,0,0,0,1",1.0,1
213,AM.EN.U4CSE15152,8a8383456721a4a101672a8b9a3c0085,Machine Learning and Data Mining,Analyze the performance of various classiers and clusters techniques,40,50,"3,3,0,0,3,0,0,0,3,0,0,0,0,0",2c9fadbd788ad6fd01788b46ba630286,"0,0,0,0,0,0,1,0,0,0,0,1,1,0,0,0,1",0.4,0
214,AM.EN.U4CSE15152,8a8383456721a4a101672a8bf76f0089,Machine Learning and Data Mining,Apply and evaluate the interesting patterns discovered from association mining,40,50,"3,2,1,2,3,0,0,0,3,0,0,0,0,0",2c9fadbd788ad6fd01788b46ba630286,"0,0,0,0,0,0,1,0,0,0,0,1,1,0,0,0,1",0.7,1
247,AM.EN.U4CSE15152,8a838345673ec61901673fda7d1d07f3,Information Security,"Provide ?an ?understanding ?of ?principal ?concepts, ?major ?issues, ?technologies, ?and basic ?approaches ?in ?information ?security.",35,60,"3,2,0,0,0,0,0,0,0,0,0,0,0,0",8a838345689da61e0168a2dfb6a71ae0,"0,0,0,0,0,0,1,0,0,0,0,1,1,0,0,0,1",0.0,0
248,AM.EN.U4CSE15152,8a838345673ec61901673fdac8a907fd,Information Security,Apply authentication services and mechanisms.,35,60,"3,3,0,0,2,0,0,0,0,0,0,0,0,0",8a838345689da61e0168a2dfb6a71ae0,"0,0,0,0,0,0,1,0,0,0,0,1,1,0,0,0,1",0.0,0
249,AM.EN.U4CSE15152,8a838345673ec61901673fdb1b680801,Information Security,Understanding of X.509 Certificates.,35,60,"3,3,3,2,2,0,0,0,0,0,0,0,0,0",8a838345689da61e0168a2dfb6a71ae0,"0,0,0,0,0,0,1,0,0,0,0,1,1,0,0,0,1",0.0,0
250,AM.EN.U4CSE15152,8a838345673ec61901673fdbcc7e0809,Information Security,"Develop an understanding of security policies (such as authentication, integrity and confidentiality), as well as protocols to implement such policies in the form of message exchanges",35,60,"3,2,1,3,0,0,0,0,0,0,0,0,0,0",8a838345689da61e0168a2dfb6a71ae0,"0,0,0,0,0,0,1,0,0,0,0,1,1,0,0,0,1",0.631578947,1
251,AM.EN.U4CSE15152,8a838345673ec61901673fdbcc7e0809,Information Security,"Develop an understanding of security policies (such as authentication, integrity and confidentiality), as well as protocols to implement such policies in the form of message exchanges",35,60,"3,2,1,3,0,0,0,0,0,0,0,0,0,0",8a838345689da61e0168a2dfb6a71ae0,"0,0,0,0,0,0,1,0,0,0,0,1,1,0,0,0,1",0.591836735,1
252,AM.EN.U4CSE15152,8a838345673ec61901673fdbcc7e0809,Information Security,"Develop an understanding of security policies (such as authentication, integrity and confidentiality), as well as protocols to implement such policies in the form of message exchanges",35,60,"3,2,1,3,0,0,0,0,0,0,0,0,0,0",8a838345689da61e0168a2dfb6a71ae0,"0,0,0,0,0,0,1,0,0,0,0,1,0,1,0,0,1",1.0,1
253,AM.EN.U4CSE15152,8a838345673ec61901673fdc0fa50813,Information Security,Comprehend and apply web security services and mechanisms for E-commerce applications.,35,60,"3,2,0,0,0,0,0,0,0,0,0,0,0,0",8a838345689da61e0168a2dfb6a71ae0,"0,0,0,0,0,0,1,0,0,0,0,1,0,1,0,0,1",1.0,1
254,AM.EN.U4CSE15152,8a838345673ec61901673fdc4a530817,Information Security,"Gain familiarity with prevalent attacks, defences against them, and forensics to investigate the aftermath",35,60,"3,3,3,0,0,0,0,0,0,0,0,0,0,0",8a838345689da61e0168a2dfb6a71ae0,"0,0,0,0,0,0,1,0,0,0,0,1,1,0,0,0,1",0.916666667,1
255,AM.EN.U4CSE15152,8a838345673ec61901673fdc4a530817,Information Security,"Gain familiarity with prevalent attacks, defences against them, and forensics to investigate the aftermath",35,60,"3,3,3,0,0,0,0,0,0,0,0,0,0,0",8a838345689da61e0168a2dfb6a71ae0,"0,0,0,0,0,0,1,0,0,0,0,1,0,0,1,0,1",1.0,1
256,AM.EN.U4CSE15152,8a838345673ec61901673fdc4a530817,Information Security,"Gain familiarity with prevalent attacks, defences against them, and forensics to investigate the aftermath",35,60,"3,3,3,0,0,0,0,0,0,0,0,0,0,0",8a838345689da61e0168a2dfb6a71ae0,"0,0,0,0,0,0,1,0,0,0,0,1,0,0,1,0,1",1.0,1
257,AM.EN.U4CSE15152,8a838345673ec61901673ed4d06d010b,Net Centric Programming,Apply markup and scripting languages to design and validate dynamic webpages,35,60,"1,2,0,0,0,0,0,0,0,0,0,0,0,0",8a838345689da61e0168a3582816253d,"0,0,0,0,0,0,1,0,0,0,0,1,1,0,0,0,1",0.607717042,1
258,AM.EN.U4CSE15152,8a838345673ec61901673ed55503010f,Net Centric Programming,Evaluate the appropriateness of client/server side scripting for a given world web application,35,60,"0,1,2,3,0,0,0,0,0,0,0,0,0,0",8a838345689da61e0168a3582816253d,"0,0,0,0,0,0,1,0,0,0,0,1,1,0,0,0,1",0.5,1
259,AM.EN.U4CSE15152,8a838345673ec61901673ed5dadc0117,Net Centric Programming,"Design, develop and deploy client/server applications",35,60,"0,2,3,0,1,0,0,0,0,0,0,0,0,0",8a838345689da61e0168a3582816253d,"0,0,0,0,0,0,1,0,0,0,0,1,1,0,0,0,1",0.45,0
260,AM.EN.U4CSE15152,8a8383456721a4a101672a88b8ee0079,Machine Learning and Data Mining,Understand the fundamental concepts of Data mining and basic theory underlying Machine learning.,35,50,"3,3,0,3,0,2,0,0,3,0,0,0,0,0",8a838345689da61e0168a37bd45b2d4f,"0,0,0,0,0,0,1,0,0,0,0,1,1,0,0,0,1",0.708333333,1
261,AM.EN.U4CSE15152,8a8383456721a4a101672a88b8ee0079,Machine Learning and Data Mining,Understand the fundamental concepts of Data mining and basic theory underlying Machine learning.,35,50,"3,3,0,3,0,2,0,0,3,0,0,0,0,0",8a838345689da61e0168a37bd45b2d4f,"0,0,0,0,0,0,1,0,0,0,0,1,1,0,0,0,1",0.740740741,1
262,AM.EN.U4CSE15152,8a8383456721a4a101672a88b8ee0079,Machine Learning and Data Mining,Understand the fundamental concepts of Data mining and basic theory underlying Machine learning.,35,50,"3,3,0,3,0,2,0,0,3,0,0,0,0,0",8a838345689da61e0168a37bd45b2d4f,"0,0,0,0,0,0,1,0,0,0,0,1,0,0,1,0,1",0.617647059,1
263,AM.EN.U4CSE15152,8a8383456721a4a101672a8aa0f0007d,Machine Learning and Data Mining,Understand the types of the data to be mined and apply pre-processing methods.,35,60,"3,3,0,0,3,0,0,0,3,0,0,0,0,0",8a838345689da61e0168a37bd45b2d4f,"0,0,0,0,0,0,1,0,0,0,0,1,1,0,0,0,1",0.708333333,1
264,AM.EN.U4CSE15152,8a8383456721a4a101672a8aa0f0007d,Machine Learning and Data Mining,Understand the types of the data to be mined and apply pre-processing methods.,35,60,"3,3,0,0,3,0,0,0,3,0,0,0,0,0",8a838345689da61e0168a37bd45b2d4f,"0,0,0,0,0,0,1,0,0,0,0,1,1,0,0,0,1",0.744897959,1
265,AM.EN.U4CSE15152,8a8383456721a4a101672a8aa0f0007d,Machine Learning and Data Mining,Understand the types of the data to be mined and apply pre-processing methods.,35,60,"3,3,0,0,3,0,0,0,3,0,0,0,0,0",8a838345689da61e0168a37bd45b2d4f,"0,0,0,0,0,0,1,0,0,0,0,1,0,0,1,0,1",0.617647059,1
266,AM.EN.U4CSE15152,8a8383456721a4a101672a8b20c10081,Machine Learning and Data Mining,Apply appropriate classication and clustering techniques for real word applications.,35,50,"3,0,3,0,3,0,0,0,3,0,0,0,0,0",8a838345689da61e0168a37bd45b2d4f,"0,0,0,0,0,0,1,0,0,0,0,1,1,0,0,0,1",0.708333333,1
267,AM.EN.U4CSE15152,8a8383456721a4a101672a8b20c10081,Machine Learning and Data Mining,Apply appropriate classication and clustering techniques for real word applications.,35,50,"3,0,3,0,3,0,0,0,3,0,0,0,0,0",8a838345689da61e0168a37bd45b2d4f,"0,0,0,0,0,0,1,0,0,0,0,1,1,0,0,0,1",0.738636364,1
268,AM.EN.U4CSE15152,8a8383456721a4a101672a8b20c10081,Machine Learning and Data Mining,Apply appropriate classication and clustering techniques for real word applications.,35,50,"3,0,3,0,3,0,0,0,3,0,0,0,0,0",8a838345689da61e0168a37bd45b2d4f,"0,0,0,0,0,0,1,0,0,0,0,1,0,0,1,0,1",0.617647059,1
269,AM.EN.U4CSE15152,8a8383456721a4a101672a8b9a3c0085,Machine Learning and Data Mining,Analyze the performance of various classiers and clusters techniques,40,50,"3,3,0,0,3,0,0,0,3,0,0,0,0,0",8a838345689da61e0168a37bd45b2d4f,"0,0,0,0,0,0,1,0,0,0,0,1,1,0,0,0,1",0.863636364,1
270,AM.EN.U4CSE15152,8a8383456721a4a101672a8bf76f0089,Machine Learning and Data Mining,Apply and evaluate the interesting patterns discovered from association mining,40,50,"3,2,1,2,3,0,0,0,3,0,0,0,0,0",8a838345689da61e0168a37bd45b2d4f,"0,0,0,0,0,0,1,0,0,0,0,1,1,0,0,0,1",0.8,1
271,AM.EN.U4CSE15152,8a838345673ec61901673ee84559037f,Structure and Interpretation of Computer Programs,"Understand type checking, type-inference as implemented in Haskell",50,60,"3,2,2,0,2,0,0,0,0,0,0,0,0,0",8a838345689da61e0168a8170b974021,"0,0,0,0,0,0,1,0,0,0,0,1,1,0,0,0,1",0.445,0
272,AM.EN.U4CSE15152,8a838345695bde6601698ff54c8a02e7,Software Project Management,"To understand the basic concepts, terminologies and issues of software project management",35,60,"3,1,1,0,0,0,0,0,0,0,0,0,0,0",8a838345695bde6601699016ada6051b,"0,0,0,0,0,0,0,1,1,0,0,0,1,0,0,0,1",1.0,1
273,AM.EN.U4CSE15152,8a838345695bde6601698ff5907a02eb,Software Project Management,To apply appropriate methods and models for the development of solutions,35,60,"3,2,3,0,0,0,0,0,0,0,0,0,0,0",8a838345695bde6601699016ada6051b,"0,0,0,0,0,0,0,1,1,0,0,0,0,0,1,0,1",0.5,1
274,AM.EN.U4CSE15152,8a838345695bde6601698ff6152602ef,Software Project Management,To analyze the cost-benefits of calculations so as to optimize the selection strategy,35,60,"3,2,2,3,0,0,0,0,0,0,0,0,0,0",8a838345695bde6601699016ada6051b,"0,0,0,0,0,0,0,1,1,0,0,0,1,0,0,0,1",0.681818182,1
275,AM.EN.U4CSE15152,8a838345695bde6601698ff6601502f3,Software Project Management,"To evaluate methods, models and technologies towards achieving project success",35,60,"2,2,2,1,0,0,0,0,0,0,0,0,0,0",8a8383456a2ef3ea016a4e2523631459,"0,0,0,0,0,0,0,1,0,1,0,0,1,0,0,0,1",0.636363636,1
276,AM.EN.U4CSE15152,8a838345695bde6601698ff6a5fc02f7,Software Project Management,To design and evaluate network planning models with criticality,35,60,"3,2,3,3,3,0,0,0,0,0,0,2,0,0",8a8383456a2ef3ea016a4e2523631459,"0,0,0,0,0,0,0,1,0,1,0,0,1,0,0,0,1",0.678571429,1
