programCode,AcademicYear,UserUID,FormTitle,formID,CourseCode,CourseName,BriefDescription,Semester,CourseOutcomeID,CourseOutcome,Threshold,Target,scoreAwarded,TotalPoints,DifficultyLevel,TaxonomyID,percentage,OBE_attainment,attainment,Exam_type,Mapping
B.Tech_CSE,2017-2018,AM.EN.H4CSE16001,15MAT207_Periodical Exam I_B.Tech_CSE_S4EL 2017-2018,2c9fadbd77ff5d050178030316544ced,15MAT207,Linear Algebra and Its Applications,,1,2c9fadbd77ff5d05017802ff98824cc9,"Define a vector space in terms of an arbitrary set with defined operations of vector addition and scalar multiplication that satisfy the vector space axioms. Introduce different examples of vector spaces including matrix spaces, function spaces under different definitions of vector addition and scalar multiplications",35,50,6.4,10,2,2,0.64,2,1,1,"3,2,1,0,0,0,0,0,0,0,0,0,0,0"
B.Tech_CSE,2017-2018,AM.EN.H4CSE16001,15MAT207_Periodical Exam I_B.Tech_CSE_S4EL 2017-2018,2c9fadbd77ff5d050178030316544ced,15MAT207,Linear Algebra and Its Applications,,1,2c9fadbd77ff5d05017803000a984ccd,Identify when a linear system is consistent and when it is inconsistent and interpret the solution geometrically. Dealing with the basis and dimension of the solution space and also with rank and nullity of the matrix,35,50,6.4,10,2,2,0.64,2,1,1,"3,3,2,0,0,0,0,0,0,0,0,0,0,0"
B.Tech_CSE,2017-2018,AM.EN.H4CSE16001,15MAT207_Periodical Exam I_B.Tech_CSE_S4EL 2017-2018,2c9fadbd77ff5d050178030316544ced,15MAT207,Linear Algebra and Its Applications,,1,2c9fadbd77ff5d050178030068b04cd1,Construct an orthonormal basis from a given basis and obtain a basis for the orthogonal complement,35,50,6.4,10,2,2,0.64,2,1,1,"3,3,2,0,0,0,0,0,0,0,0,0,0,0"
B.Tech_CSE,2017-2018,AM.EN.H4CSE16001,15MAT207_Periodical Exam I_B.Tech_CSE_S4EL 2017-2018,2c9fadbd77ff5d050178030316544ced,15MAT207,Linear Algebra and Its Applications,,1,2c9fadbd77ff5d0501780300d7a74cd5,Distinguish between linear and nonlinear transformations. Define the matrix representation of a linear transformation from to Rn to Rn,35,50,6.4,10,2,2,0.64,2,1,1,"3,2,2,0,0,0,0,0,0,0,0,0,0,0"
B.Tech_CSE,2017-2018,AM.EN.H4CSE16001,15MAT207_Periodical Exam I_B.Tech_CSE_S4EL 2017-2018,2c9fadbd77ff5d050178030316544ced,15MAT207,Linear Algebra and Its Applications,,1,2c9fadbd77ff5d050178030132334cd9,"Solve linear systems represented as linear transforms and express linear transforms in other forms, such as matrix equations or as vector equations.",35,50,6.4,10,2,2,0.64,2,1,1,"3,3,2,0,0,0,0,0,0,0,0,0,0,0"
B.Tech_CSE,2017-2018,AM.EN.H4CSE16001,15MAT207_Periodical Exam II_B.Tech_CSE_S4EL 2017-2018,2c9fadbd77ff5d050178030319df4d11,15MAT207,Linear Algebra and Its Applications,,1,2c9fadbd77ff5d05017802ff98824cc9,"Define a vector space in terms of an arbitrary set with defined operations of vector addition and scalar multiplication that satisfy the vector space axioms. Introduce different examples of vector spaces including matrix spaces, function spaces under different definitions of vector addition and scalar multiplications",35,50,8.2,10,2,2,0.82,2,1,2,"3,2,1,0,0,0,0,0,0,0,0,0,0,0"
B.Tech_CSE,2017-2018,AM.EN.H4CSE16001,15MAT207_Periodical Exam II_B.Tech_CSE_S4EL 2017-2018,2c9fadbd77ff5d050178030319df4d11,15MAT207,Linear Algebra and Its Applications,,1,2c9fadbd77ff5d05017803000a984ccd,Identify when a linear system is consistent and when it is inconsistent and interpret the solution geometrically. Dealing with the basis and dimension of the solution space and also with rank and nullity of the matrix,35,50,8.2,10,2,2,0.82,2,1,2,"3,3,2,0,0,0,0,0,0,0,0,0,0,0"
B.Tech_CSE,2017-2018,AM.EN.H4CSE16001,15MAT207_Periodical Exam II_B.Tech_CSE_S4EL 2017-2018,2c9fadbd77ff5d050178030319df4d11,15MAT207,Linear Algebra and Its Applications,,1,2c9fadbd77ff5d050178030068b04cd1,Construct an orthonormal basis from a given basis and obtain a basis for the orthogonal complement,35,50,8.2,10,2,2,0.82,2,1,2,"3,3,2,0,0,0,0,0,0,0,0,0,0,0"
B.Tech_CSE,2017-2018,AM.EN.H4CSE16001,15MAT207_Periodical Exam II_B.Tech_CSE_S4EL 2017-2018,2c9fadbd77ff5d050178030319df4d11,15MAT207,Linear Algebra and Its Applications,,1,2c9fadbd77ff5d0501780300d7a74cd5,Distinguish between linear and nonlinear transformations. Define the matrix representation of a linear transformation from to Rn to Rn,35,50,8.2,10,2,2,0.82,2,1,2,"3,2,2,0,0,0,0,0,0,0,0,0,0,0"
B.Tech_CSE,2017-2018,AM.EN.H4CSE16001,15MAT207_Periodical Exam II_B.Tech_CSE_S4EL 2017-2018,2c9fadbd77ff5d050178030319df4d11,15MAT207,Linear Algebra and Its Applications,,1,2c9fadbd77ff5d050178030132334cd9,"Solve linear systems represented as linear transforms and express linear transforms in other forms, such as matrix equations or as vector equations.",35,50,8.2,10,2,2,0.82,2,1,2,"3,3,2,0,0,0,0,0,0,0,0,0,0,0"
B.Tech_CSE,2017-2018,AM.EN.H4CSE16001,15MAT207_Continuous Evaluation_B.Tech_CSE_S4EL 2017-2018,2c9fadbd77ff5d05017803031d3f4d28,15MAT207,Linear Algebra and Its Applications,,1,2c9fadbd77ff5d05017802ff98824cc9,"Define a vector space in terms of an arbitrary set with defined operations of vector addition and scalar multiplication that satisfy the vector space axioms. Introduce different examples of vector spaces including matrix spaces, function spaces under different definitions of vector addition and scalar multiplications",35,50,3.2,4,2,2,0.8,2,1,3,"3,2,1,0,0,0,0,0,0,0,0,0,0,0"
B.Tech_CSE,2017-2018,AM.EN.H4CSE16001,15MAT207_Continuous Evaluation_B.Tech_CSE_S4EL 2017-2018,2c9fadbd77ff5d05017803031d3f4d28,15MAT207,Linear Algebra and Its Applications,,1,2c9fadbd77ff5d05017803000a984ccd,Identify when a linear system is consistent and when it is inconsistent and interpret the solution geometrically. Dealing with the basis and dimension of the solution space and also with rank and nullity of the matrix,35,50,3.2,4,2,2,0.8,2,1,3,"3,3,2,0,0,0,0,0,0,0,0,0,0,0"
B.Tech_CSE,2017-2018,AM.EN.H4CSE16001,15MAT207_Continuous Evaluation_B.Tech_CSE_S4EL 2017-2018,2c9fadbd77ff5d05017803031d3f4d28,15MAT207,Linear Algebra and Its Applications,,1,2c9fadbd77ff5d050178030068b04cd1,Construct an orthonormal basis from a given basis and obtain a basis for the orthogonal complement,35,50,3.2,4,2,2,0.8,2,1,3,"3,3,2,0,0,0,0,0,0,0,0,0,0,0"
B.Tech_CSE,2017-2018,AM.EN.H4CSE16001,15MAT207_Continuous Evaluation_B.Tech_CSE_S4EL 2017-2018,2c9fadbd77ff5d05017803031d3f4d28,15MAT207,Linear Algebra and Its Applications,,1,2c9fadbd77ff5d0501780300d7a74cd5,Distinguish between linear and nonlinear transformations. Define the matrix representation of a linear transformation from to Rn to Rn,35,50,3.2,4,2,2,0.8,2,1,3,"3,2,2,0,0,0,0,0,0,0,0,0,0,0"
B.Tech_CSE,2017-2018,AM.EN.H4CSE16001,15MAT207_Continuous Evaluation_B.Tech_CSE_S4EL 2017-2018,2c9fadbd77ff5d05017803031d3f4d28,15MAT207,Linear Algebra and Its Applications,,1,2c9fadbd77ff5d050178030132334cd9,"Solve linear systems represented as linear transforms and express linear transforms in other forms, such as matrix equations or as vector equations.",35,50,3.2,4,2,2,0.8,2,1,3,"3,3,2,0,0,0,0,0,0,0,0,0,0,0"
B.Tech_CSE,2017-2018,AM.EN.H4CSE16001,15MAT207_End Semester_B.Tech_CSE_S4EL 2017-2018,2c9fadbd77ff5d0501780303218d4d53,15MAT207,Linear Algebra and Its Applications,,1,2c9fadbd77ff5d05017802ff98824cc9,"Define a vector space in terms of an arbitrary set with defined operations of vector addition and scalar multiplication that satisfy the vector space axioms. Introduce different examples of vector spaces including matrix spaces, function spaces under different definitions of vector addition and scalar multiplications",35,50,20,20,2,2,1,2,1,4,"3,2,1,0,0,0,0,0,0,0,0,0,0,0"
B.Tech_CSE,2017-2018,AM.EN.H4CSE16001,15MAT207_End Semester_B.Tech_CSE_S4EL 2017-2018,2c9fadbd77ff5d0501780303218d4d53,15MAT207,Linear Algebra and Its Applications,,1,2c9fadbd77ff5d05017803000a984ccd,Identify when a linear system is consistent and when it is inconsistent and interpret the solution geometrically. Dealing with the basis and dimension of the solution space and also with rank and nullity of the matrix,35,50,6,20,2,2,0.3,0,0,4,"3,3,2,0,0,0,0,0,0,0,0,0,0,0"
B.Tech_CSE,2017-2018,AM.EN.H4CSE16001,15MAT207_End Semester_B.Tech_CSE_S4EL 2017-2018,2c9fadbd77ff5d0501780303218d4d53,15MAT207,Linear Algebra and Its Applications,,1,2c9fadbd77ff5d050178030068b04cd1,Construct an orthonormal basis from a given basis and obtain a basis for the orthogonal complement,35,50,18.8,20,2,2,0.94,2,1,4,"3,3,2,0,0,0,0,0,0,0,0,0,0,0"
B.Tech_CSE,2017-2018,AM.EN.H4CSE16001,15MAT207_End Semester_B.Tech_CSE_S4EL 2017-2018,2c9fadbd77ff5d0501780303218d4d53,15MAT207,Linear Algebra and Its Applications,,1,2c9fadbd77ff5d0501780300d7a74cd5,Distinguish between linear and nonlinear transformations. Define the matrix representation of a linear transformation from to Rn to Rn,35,50,7.2,20,2,2,0.36,0,0,4,"3,2,2,0,0,0,0,0,0,0,0,0,0,0"
B.Tech_CSE,2017-2018,AM.EN.H4CSE16001,15MAT207_End Semester_B.Tech_CSE_S4EL 2017-2018,2c9fadbd77ff5d0501780303218d4d53,15MAT207,Linear Algebra and Its Applications,,1,2c9fadbd77ff5d050178030132334cd9,"Solve linear systems represented as linear transforms and express linear transforms in other forms, such as matrix equations or as vector equations.",35,50,13,20,2,2,0.65,2,1,4,"3,3,2,0,0,0,0,0,0,0,0,0,0,0"
B.Tech_CSE,2017-2018,AM.EN.H4CSE16001,15MAT201_Periodical Exam I_B.Tech_CSE_S3EL 2017-2018,2c9fadbd7804835e017807d14454004a,15MAT201,Discrete Mathematics,,2,8a838345683c675d016875389dfc21fb,Understand how to write an argument using logical notation and determine if the argument is        or is not valid.,35,50,8,10,2,2,0.8,2,1,1,"3,2,1,0,0,0,0,0,0,0,0,0,0,0"
B.Tech_CSE,2017-2018,AM.EN.H4CSE16001,15MAT201_Periodical Exam I_B.Tech_CSE_S3EL 2017-2018,2c9fadbd7804835e017807d14454004a,15MAT201,Discrete Mathematics,,2,8a838345695bde660169b8afcc104723,Understand the basic principles of sets and operations in sets.,35,50,8,10,2,2,0.8,2,1,1,"3,3,2,0,0,0,0,0,0,0,0,0,0,0"
B.Tech_CSE,2017-2018,AM.EN.H4CSE16001,15MAT201_Periodical Exam I_B.Tech_CSE_S3EL 2017-2018,2c9fadbd7804835e017807d14454004a,15MAT201,Discrete Mathematics,,2,8a838345695bde660169b8bffafa54f4,Ability to demonstrate an understanding of relations and functions and be able to determine  their properties,35,50,8,10,2,2,0.8,2,1,1,"3,3,2,0,0,0,0,0,0,0,0,0,0,0"
B.Tech_CSE,2017-2018,AM.EN.H4CSE16001,15MAT201_Periodical Exam I_B.Tech_CSE_S3EL 2017-2018,2c9fadbd7804835e017807d14454004a,15MAT201,Discrete Mathematics,,2,8a838345695bde660169be9415b069e7,Ability to  demonstrate different traversal methods for trees and graphs,35,50,8,10,2,2,0.8,2,1,1,"3,2,1,0,0,0,0,0,0,0,0,0,0,0"
B.Tech_CSE,2017-2018,AM.EN.H4CSE16001,15MAT201_Periodical Exam I_B.Tech_CSE_S3EL 2017-2018,2c9fadbd7804835e017807d14454004a,15MAT201,Discrete Mathematics,,2,8a838345695bde660169be94a2006a25,Ability to Model problems in Computer Science using graphs and tree.,35,50,8,10,2,2,0.8,2,1,1,"2,3,2,0,0,0,0,0,0,0,0,0,0,0"
B.Tech_CSE,2017-2018,AM.EN.H4CSE16001,15MAT201_Periodical Exam II_B.Tech_CSE_S3EL 2017-2018,2c9fadbd7804835e017807d14815006e,15MAT201,Discrete Mathematics,,2,8a838345683c675d016875389dfc21fb,Understand how to write an argument using logical notation and determine if the argument is        or is not valid.,35,50,9.1,10,2,2,0.91,2,1,2,"3,2,1,0,0,0,0,0,0,0,0,0,0,0"
B.Tech_CSE,2017-2018,AM.EN.H4CSE16001,15MAT201_Periodical Exam II_B.Tech_CSE_S3EL 2017-2018,2c9fadbd7804835e017807d14815006e,15MAT201,Discrete Mathematics,,2,8a838345695bde660169b8afcc104723,Understand the basic principles of sets and operations in sets.,35,50,9.1,10,2,2,0.91,2,1,2,"3,3,2,0,0,0,0,0,0,0,0,0,0,0"
B.Tech_CSE,2017-2018,AM.EN.H4CSE16001,15MAT201_Periodical Exam II_B.Tech_CSE_S3EL 2017-2018,2c9fadbd7804835e017807d14815006e,15MAT201,Discrete Mathematics,,2,8a838345695bde660169b8bffafa54f4,Ability to demonstrate an understanding of relations and functions and be able to determine  their properties,35,50,9.1,10,2,2,0.91,2,1,2,"3,3,2,0,0,0,0,0,0,0,0,0,0,0"
B.Tech_CSE,2017-2018,AM.EN.H4CSE16001,15MAT201_Periodical Exam II_B.Tech_CSE_S3EL 2017-2018,2c9fadbd7804835e017807d14815006e,15MAT201,Discrete Mathematics,,2,8a838345695bde660169be9415b069e7,Ability to  demonstrate different traversal methods for trees and graphs,35,50,9.1,10,2,2,0.91,2,1,2,"3,2,1,0,0,0,0,0,0,0,0,0,0,0"
B.Tech_CSE,2017-2018,AM.EN.H4CSE16001,15MAT201_Periodical Exam II_B.Tech_CSE_S3EL 2017-2018,2c9fadbd7804835e017807d14815006e,15MAT201,Discrete Mathematics,,2,8a838345695bde660169be94a2006a25,Ability to Model problems in Computer Science using graphs and tree.,35,50,9.1,10,2,2,0.91,2,1,2,"2,3,2,0,0,0,0,0,0,0,0,0,0,0"
B.Tech_CSE,2017-2018,AM.EN.H4CSE16001,15MAT201_Continuous Evaluation_B.Tech_CSE_S3EL 2017-2018,2c9fadbd7804835e017807d14bba0085,15MAT201,Discrete Mathematics,,2,8a838345683c675d016875389dfc21fb,Understand how to write an argument using logical notation and determine if the argument is        or is not valid.,35,50,3.6,4,2,2,0.9,2,1,3,"3,2,1,0,0,0,0,0,0,0,0,0,0,0"
B.Tech_CSE,2017-2018,AM.EN.H4CSE16001,15MAT201_Continuous Evaluation_B.Tech_CSE_S3EL 2017-2018,2c9fadbd7804835e017807d14bba0085,15MAT201,Discrete Mathematics,,2,8a838345695bde660169b8afcc104723,Understand the basic principles of sets and operations in sets.,35,50,3.6,4,2,2,0.9,2,1,3,"3,3,2,0,0,0,0,0,0,0,0,0,0,0"
B.Tech_CSE,2017-2018,AM.EN.H4CSE16001,15MAT201_Continuous Evaluation_B.Tech_CSE_S3EL 2017-2018,2c9fadbd7804835e017807d14bba0085,15MAT201,Discrete Mathematics,,2,8a838345695bde660169b8bffafa54f4,Ability to demonstrate an understanding of relations and functions and be able to determine  their properties,35,50,3.6,4,2,2,0.9,2,1,3,"3,3,2,0,0,0,0,0,0,0,0,0,0,0"
B.Tech_CSE,2017-2018,AM.EN.H4CSE16001,15MAT201_Continuous Evaluation_B.Tech_CSE_S3EL 2017-2018,2c9fadbd7804835e017807d14bba0085,15MAT201,Discrete Mathematics,,2,8a838345695bde660169be9415b069e7,Ability to  demonstrate different traversal methods for trees and graphs,35,50,3.6,4,2,2,0.9,2,1,3,"3,2,1,0,0,0,0,0,0,0,0,0,0,0"
B.Tech_CSE,2017-2018,AM.EN.H4CSE16001,15MAT201_Continuous Evaluation_B.Tech_CSE_S3EL 2017-2018,2c9fadbd7804835e017807d14bba0085,15MAT201,Discrete Mathematics,,2,8a838345695bde660169be94a2006a25,Ability to Model problems in Computer Science using graphs and tree.,35,50,3.6,4,2,2,0.9,2,1,3,"2,3,2,0,0,0,0,0,0,0,0,0,0,0"
B.Tech_CSE,2017-2018,AM.EN.H4CSE16001,15MAT201_End Semester_B.Tech_CSE_S3EL 2017-2018,2c9fadbd7804835e017807d150bc00b0,15MAT201,Discrete Mathematics,,2,8a838345683c675d016875389dfc21fb,Understand how to write an argument using logical notation and determine if the argument is        or is not valid.,35,50,10.2,20,2,2,0.51,1,1,4,"3,2,1,0,0,0,0,0,0,0,0,0,0,0"
B.Tech_CSE,2017-2018,AM.EN.H4CSE16001,15MAT201_End Semester_B.Tech_CSE_S3EL 2017-2018,2c9fadbd7804835e017807d150bc00b0,15MAT201,Discrete Mathematics,,2,8a838345695bde660169b8afcc104723,Understand the basic principles of sets and operations in sets.,35,50,16.6,20,2,2,0.83,2,1,4,"3,3,2,0,0,0,0,0,0,0,0,0,0,0"
B.Tech_CSE,2017-2018,AM.EN.H4CSE16001,15MAT201_End Semester_B.Tech_CSE_S3EL 2017-2018,2c9fadbd7804835e017807d150bc00b0,15MAT201,Discrete Mathematics,,2,8a838345695bde660169b8bffafa54f4,Ability to demonstrate an understanding of relations and functions and be able to determine  their properties,35,50,17.6,20,2,2,0.88,2,1,4,"3,3,2,0,0,0,0,0,0,0,0,0,0,0"
B.Tech_CSE,2017-2018,AM.EN.H4CSE16001,15MAT201_End Semester_B.Tech_CSE_S3EL 2017-2018,2c9fadbd7804835e017807d150bc00b0,15MAT201,Discrete Mathematics,,2,8a838345695bde660169be9415b069e7,Ability to  demonstrate different traversal methods for trees and graphs,35,50,9.2,20,2,2,0.46,1,0,4,"3,2,1,0,0,0,0,0,0,0,0,0,0,0"
B.Tech_CSE,2017-2018,AM.EN.H4CSE16001,15MAT201_End Semester_B.Tech_CSE_S3EL 2017-2018,2c9fadbd7804835e017807d150bc00b0,15MAT201,Discrete Mathematics,,2,8a838345695bde660169be94a2006a25,Ability to Model problems in Computer Science using graphs and tree.,35,50,13.4,20,2,2,0.67,2,1,4,"2,3,2,0,0,0,0,0,0,0,0,0,0,0"
B.Tech_CSE,2018-2019,AM.EN.H4CSE16001,15CSE313_Periodical Exam I_B.Tech_CSE_S6EL 2018-2019,2c9fadbd782db63a0178315c17ea2159,15CSE313,Software Engineering,,3,8a838345695bde6601699aaf65fe1fec,Understand the principles of software engineering,40,57,4.8,10,2,2,0.48,1,0,1,"1,0,0,0,0,0,0,0,0,0,1,0,0,0"
B.Tech_CSE,2018-2019,AM.EN.H4CSE16001,15CSE313_Periodical Exam I_B.Tech_CSE_S6EL 2018-2019,2c9fadbd782db63a0178315c17ea2159,15CSE313,Software Engineering,,3,8a838345695bde6601699aafb9b61ff3,Understand various software process models,40,60,4.8,10,2,2,0.48,1,0,1,"1,3,2,0,0,0,0,0,0,0,0,0,0,0"
B.Tech_CSE,2018-2019,AM.EN.H4CSE16001,15CSE313_Periodical Exam I_B.Tech_CSE_S6EL 2018-2019,2c9fadbd782db63a0178315c17ea2159,15CSE313,Software Engineering,,3,8a838345695bde6601699aaffdb81ffa,Apply the appropriate design methodology for a real world application,40,60,4.8,10,2,2,0.48,1,0,1,"2,1,3,0,2,0,0,0,1,0,0,0,0,0"
B.Tech_CSE,2018-2019,AM.EN.H4CSE16001,15CSE313_Periodical Exam I_B.Tech_CSE_S6EL 2018-2019,2c9fadbd782db63a0178315c17ea2159,15CSE313,Software Engineering,,3,8a838345695bde6601699ab087462004,Evaluate a system developed for real-world applications in Agile Mode,40,56,4.8,10,2,2,0.48,1,0,1,"2,2,3,0,3,0,0,0,3,1,2,0,0,0"
B.Tech_CSE,2018-2019,AM.EN.H4CSE16001,15CSE313_Periodical Exam II_B.Tech_CSE_S6EL 2018-2019,2c9fadbd782db63a0178315c1c7d2180,15CSE313,Software Engineering,,3,8a838345695bde6601699aaf65fe1fec,Understand the principles of software engineering,40,57,4.6,10,2,2,0.46,1,0,2,"1,0,0,0,0,0,0,0,0,0,1,0,0,0"
B.Tech_CSE,2018-2019,AM.EN.H4CSE16001,15CSE313_Periodical Exam II_B.Tech_CSE_S6EL 2018-2019,2c9fadbd782db63a0178315c1c7d2180,15CSE313,Software Engineering,,3,8a838345695bde6601699aafb9b61ff3,Understand various software process models,40,60,4.6,10,2,2,0.46,1,0,2,"1,3,2,0,0,0,0,0,0,0,0,0,0,0"
B.Tech_CSE,2018-2019,AM.EN.H4CSE16001,15CSE313_Periodical Exam II_B.Tech_CSE_S6EL 2018-2019,2c9fadbd782db63a0178315c1c7d2180,15CSE313,Software Engineering,,3,8a838345695bde6601699aaffdb81ffa,Apply the appropriate design methodology for a real world application,40,60,4.6,10,2,2,0.46,1,0,2,"2,1,3,0,2,0,0,0,1,0,0,0,0,0"
B.Tech_CSE,2018-2019,AM.EN.H4CSE16001,15CSE313_Periodical Exam II_B.Tech_CSE_S6EL 2018-2019,2c9fadbd782db63a0178315c1c7d2180,15CSE313,Software Engineering,,3,8a838345695bde6601699ab087462004,Evaluate a system developed for real-world applications in Agile Mode,40,56,4.6,10,2,2,0.46,1,0,2,"2,2,3,0,3,0,0,0,3,1,2,0,0,0"
B.Tech_CSE,2018-2019,AM.EN.H4CSE16001,15CSE313_Continuous Evaluation_B.Tech_CSE_S6EL 2018-2019,2c9fadbd782db63a0178315c212c2198,15CSE313,Software Engineering,,3,8a838345695bde6601699aaf65fe1fec,Understand the principles of software engineering,40,57,1.8,2,2,2,0.9,2,1,3,"1,0,0,0,0,0,0,0,0,0,1,0,0,0"
B.Tech_CSE,2018-2019,AM.EN.H4CSE16001,15CSE313_Continuous Evaluation_B.Tech_CSE_S6EL 2018-2019,2c9fadbd782db63a0178315c212c2198,15CSE313,Software Engineering,,3,8a838345695bde6601699aafb9b61ff3,Understand various software process models,40,60,1.8,2,2,2,0.9,2,1,3,"1,3,2,0,0,0,0,0,0,0,0,0,0,0"
B.Tech_CSE,2018-2019,AM.EN.H4CSE16001,15CSE313_Continuous Evaluation_B.Tech_CSE_S6EL 2018-2019,2c9fadbd782db63a0178315c212c2198,15CSE313,Software Engineering,,3,8a838345695bde6601699aaffdb81ffa,Apply the appropriate design methodology for a real world application,40,60,1.8,2,2,2,0.9,2,1,3,"2,1,3,0,2,0,0,0,1,0,0,0,0,0"
B.Tech_CSE,2018-2019,AM.EN.H4CSE16001,15CSE313_Continuous Evaluation_B.Tech_CSE_S6EL 2018-2019,2c9fadbd782db63a0178315c212c2198,15CSE313,Software Engineering,,3,8a838345695bde6601699ab087462004,Evaluate a system developed for real-world applications in Agile Mode,40,56,1.8,2,2,2,0.9,2,1,3,"2,2,3,0,3,0,0,0,3,1,2,0,0,0"
B.Tech_CSE,2018-2019,AM.EN.H4CSE16001,15CSE313_End Semester_B.Tech_CSE_S6EL 2018-2019,2c9fadbd782db63a0178315c270321c4,15CSE313,Software Engineering,,3,8a838345695bde6601699aaf65fe1fec,Understand the principles of software engineering,40,57,3.9,10,2,2,0.39,0,0,4,"1,0,0,0,0,0,0,0,0,0,1,0,0,0"
B.Tech_CSE,2018-2019,AM.EN.H4CSE16001,15CSE313_End Semester_B.Tech_CSE_S6EL 2018-2019,2c9fadbd782db63a0178315c270321c4,15CSE313,Software Engineering,,3,8a838345695bde6601699aafb9b61ff3,Understand various software process models,40,60,7.7,10,2,2,0.77,2,1,4,"1,3,2,0,0,0,0,0,0,0,0,0,0,0"
B.Tech_CSE,2018-2019,AM.EN.H4CSE16001,15CSE313_End Semester_B.Tech_CSE_S6EL 2018-2019,2c9fadbd782db63a0178315c270321c4,15CSE313,Software Engineering,,3,8a838345695bde6601699aaffdb81ffa,Apply the appropriate design methodology for a real world application,40,60,8,10,2,2,0.8,2,1,4,"2,1,3,0,2,0,0,0,1,0,0,0,0,0"
B.Tech_CSE,2018-2019,AM.EN.H4CSE16001,15CSE313_End Semester_B.Tech_CSE_S6EL 2018-2019,2c9fadbd782db63a0178315c270321c4,15CSE313,Software Engineering,,3,8a838345695bde6601699ab087462004,Evaluate a system developed for real-world applications in Agile Mode,40,56,3.6,10,2,2,0.36,0,0,4,"2,2,3,0,3,0,0,0,3,1,2,0,0,0"
B.Tech_CSE,2018-2019,AM.EN.H4CSE16001,15CSE361_15CSE361 Pattern Recognition Periodical I,8a838345695bde6601698fce31ed02d4,15CSE361,Pattern Recognition,,6,8a838345695bde6601698fae7dce0270,Understand and be able to apply the methods of regression and classification,35,60,4,8,2,2,0.5,1,1,1,"3,1,2,0,0,0,0,0,0,0,0,0,0,0"
B.Tech_CSE,2018-2019,AM.EN.H4CSE16001,15CSE361_15CSE361 Pattern Recognition Periodical I,8a838345695bde6601698fce31ed02d4,15CSE361,Pattern Recognition,,6,8a838345695bde6601698fae7dce0270,Understand and be able to apply the methods of regression and classification,35,60,11,16,4,6,0.6875,2,1,1,"3,1,2,0,0,0,0,0,0,0,0,0,0,0"
B.Tech_CSE,2018-2019,AM.EN.H4CSE16001,15CSE361_15CSE361 Pattern Recognition Periodical I,8a838345695bde6601698fce31ed02d4,15CSE361,Pattern Recognition,,6,8a838345695bde6601698faedcf30274,"Learn about the Bayes classification framework, the minimum error rate classifier",35,60,12,12,2,3,1,2,1,1,"3,2,2,0,0,0,0,0,0,0,0,0,0,0"
B.Tech_CSE,2018-2019,AM.EN.H4CSE16001,15CSE361_15CSE361 Pattern Recognition Periodical I,8a838345695bde6601698fce31ed02d4,15CSE361,Pattern Recognition,,6,8a838345695bde6601698faedcf30274,"Learn about the Bayes classification framework, the minimum error rate classifier",35,60,6,6,5,1,1,2,1,1,"3,2,2,0,0,0,0,0,0,0,0,0,0,0"
B.Tech_CSE,2018-2019,AM.EN.H4CSE16001,15CSE361_15CSE361 Pattern Recognition Periodical I,8a838345695bde6601698fce31ed02d4,15CSE361,Pattern Recognition,,6,8a838345695bde6601698fafeeca0284,"Be able to model, design and develop pattern recognition application for real world applications.",35,60,1,8,4,4,0.125,0,0,1,"2,2,3,1,2,2,0,0,0,0,0,0,0,0"
B.Tech_CSE,2018-2019,AM.EN.H4CSE16001,15CSE361_15CSE361 Pattern Recognition,8a8383456a2ef3ea016a6c9862c32005,15CSE361,Pattern Recognition,,6,8a838345695bde6601698faedcf30274,"Learn about the Bayes classification framework, the minimum error rate classifier",35,60,7,8,2,3,0.875,2,1,3,"3,2,2,0,0,0,0,0,0,0,0,0,0,0"
B.Tech_CSE,2018-2019,AM.EN.H4CSE16001,15CSE361_15CSE361 Pattern Recognition,8a8383456a2ef3ea016a6c9862c32005,15CSE361,Pattern Recognition,,6,8a838345695bde6601698faf20eb0278,"Apply the parameter estimation techniques (MLE, Bayesian Parameter Estimation & Non Parametric Density Estimation) and use it to design real world pattern recognition applications.",35,60,0,6,1,5,0,0,0,3,"3,3,2,0,0,0,0,0,0,0,0,0,0,0"
B.Tech_CSE,2018-2019,AM.EN.H4CSE16001,15CSE361_15CSE361 Pattern Recognition,8a8383456a2ef3ea016a6c9862c32005,15CSE361,Pattern Recognition,,6,8a838345695bde6601698faf20eb0278,"Apply the parameter estimation techniques (MLE, Bayesian Parameter Estimation & Non Parametric Density Estimation) and use it to design real world pattern recognition applications.",35,60,10,12,2,3,0.833333333,2,1,3,"3,3,2,0,0,0,0,0,0,0,0,0,0,0"
B.Tech_CSE,2018-2019,AM.EN.H4CSE16001,15CSE361_15CSE361 Pattern Recognition,8a8383456a2ef3ea016a6c9862c32005,15CSE361,Pattern Recognition,,6,8a838345695bde6601698faf20eb0278,"Apply the parameter estimation techniques (MLE, Bayesian Parameter Estimation & Non Parametric Density Estimation) and use it to design real world pattern recognition applications.",35,60,3,6,5,2,0.5,1,1,3,"3,3,2,0,0,0,0,0,0,0,0,0,0,0"
B.Tech_CSE,2018-2019,AM.EN.H4CSE16001,15CSE361_15CSE361 Pattern Recognition,8a8383456a2ef3ea016a6c9862c32005,15CSE361,Pattern Recognition,,6,8a838345695bde6601698fafbce80280,"Have strong mathematical understanding on the traditional classifiers like Bayes, SVM, and Neural networks",35,60,0,8,2,6,0,0,0,3,"3,3,3,0,0,0,0,0,0,0,0,0,0,0"
B.Tech_CSE,2018-2019,AM.EN.H4CSE16001,15CSE361_15CSE361 Pattern Recognition,8a8383456a2ef3ea016a6c9862c32005,15CSE361,Pattern Recognition,,6,8a838345695bde6601698fafbce80280,"Have strong mathematical understanding on the traditional classifiers like Bayes, SVM, and Neural networks",35,60,4,4,5,1,1,2,1,3,"3,3,3,0,0,0,0,0,0,0,0,0,0,0"
B.Tech_CSE,2018-2019,AM.EN.H4CSE16001,15CSE361_15CSE361 Pattern Recognition,8a8383456a2ef3ea016a6c9862c32005,15CSE361,Pattern Recognition,,6,8a838345695bde6601698fafeeca0284,"Be able to model, design and develop pattern recognition application for real world applications.",35,60,6,6,5,4,1,2,1,3,"2,2,3,1,2,2,0,0,0,0,0,0,0,0"
B.Tech_CSE,2018-2019,AM.EN.H4CSE16001,15CSE361_15CSE361 Pattern Recognition (Special Examination),8a8383456a2ef3ea016a6cb73763206f,15CSE361,Pattern Recognition,,6,8a838345695bde6601698fae7dce0270,Understand and be able to apply the methods of regression and classification,35,60,0,10,4,5,0,0,0,2,"3,1,2,0,0,0,0,0,0,0,0,0,0,0"
B.Tech_CSE,2018-2019,AM.EN.H4CSE16001,15CSE361_15CSE361 Pattern Recognition (Special Examination),8a8383456a2ef3ea016a6cb73763206f,15CSE361,Pattern Recognition,,6,8a838345695bde6601698faedcf30274,"Learn about the Bayes classification framework, the minimum error rate classifier",35,60,0,8,2,3,0,0,0,2,"3,2,2,0,0,0,0,0,0,0,0,0,0,0"
B.Tech_CSE,2018-2019,AM.EN.H4CSE16001,15CSE361_15CSE361 Pattern Recognition (Special Examination),8a8383456a2ef3ea016a6cb73763206f,15CSE361,Pattern Recognition,,6,8a838345695bde6601698faf20eb0278,"Apply the parameter estimation techniques (MLE, Bayesian Parameter Estimation & Non Parametric Density Estimation) and use it to design real world pattern recognition applications.",35,60,0,8,2,6,0,0,0,2,"3,3,2,0,0,0,0,0,0,0,0,0,0,0"
B.Tech_CSE,2018-2019,AM.EN.H4CSE16001,15CSE361_15CSE361 Pattern Recognition (Special Examination),8a8383456a2ef3ea016a6cb73763206f,15CSE361,Pattern Recognition,,6,8a838345695bde6601698faf20eb0278,"Apply the parameter estimation techniques (MLE, Bayesian Parameter Estimation & Non Parametric Density Estimation) and use it to design real world pattern recognition applications.",35,60,0,8,5,6,0,0,0,2,"3,3,2,0,0,0,0,0,0,0,0,0,0,0"
B.Tech_CSE,2018-2019,AM.EN.H4CSE16001,15CSE361_15CSE361 Pattern Recognition (Special Examination),8a8383456a2ef3ea016a6cb73763206f,15CSE361,Pattern Recognition,,6,8a838345695bde6601698fafbce80280,"Have strong mathematical understanding on the traditional classifiers like Bayes, SVM, and Neural networks",35,60,0,8,2,4,0,0,0,2,"3,3,3,0,0,0,0,0,0,0,0,0,0,0"
B.Tech_CSE,2018-2019,AM.EN.H4CSE16001,15CSE361_15CSE361 Pattern Recognition (Special Examination),8a8383456a2ef3ea016a6cb73763206f,15CSE361,Pattern Recognition,,6,8a838345695bde6601698fafeeca0284,"Be able to model, design and develop pattern recognition application for real world applications.",35,60,0,8,2,2,0,0,0,2,"2,2,3,1,2,2,0,0,0,0,0,0,0,0"
B.Tech_CSE,2017-2018,AM.EN.H4CSE16002,15MAT207_Periodical Exam I_B.Tech_CSE_S4EL 2017-2018,2c9fadbd77ff5d050178030316544ced,15MAT207,Linear Algebra and Its Applications,,4,2c9fadbd77ff5d05017802ff98824cc9,"Define a vector space in terms of an arbitrary set with defined operations of vector addition and scalar multiplication that satisfy the vector space axioms. Introduce different examples of vector spaces including matrix spaces, function spaces under different definitions of vector addition and scalar multiplications",35,50,6.2,10,2,2,0.62,2,1,1,"3,2,1,0,0,0,0,0,0,0,0,0,0,0"
B.Tech_CSE,2017-2018,AM.EN.H4CSE16002,15MAT207_Periodical Exam I_B.Tech_CSE_S4EL 2017-2018,2c9fadbd77ff5d050178030316544ced,15MAT207,Linear Algebra and Its Applications,,4,2c9fadbd77ff5d05017803000a984ccd,Identify when a linear system is consistent and when it is inconsistent and interpret the solution geometrically. Dealing with the basis and dimension of the solution space and also with rank and nullity of the matrix,35,50,6.2,10,2,2,0.62,2,1,1,"3,3,2,0,0,0,0,0,0,0,0,0,0,0"
B.Tech_CSE,2017-2018,AM.EN.H4CSE16002,15MAT207_Periodical Exam I_B.Tech_CSE_S4EL 2017-2018,2c9fadbd77ff5d050178030316544ced,15MAT207,Linear Algebra and Its Applications,,4,2c9fadbd77ff5d050178030068b04cd1,Construct an orthonormal basis from a given basis and obtain a basis for the orthogonal complement,35,50,6.2,10,2,2,0.62,2,1,1,"3,3,2,0,0,0,0,0,0,0,0,0,0,0"
B.Tech_CSE,2017-2018,AM.EN.H4CSE16002,15MAT207_Periodical Exam I_B.Tech_CSE_S4EL 2017-2018,2c9fadbd77ff5d050178030316544ced,15MAT207,Linear Algebra and Its Applications,,4,2c9fadbd77ff5d0501780300d7a74cd5,Distinguish between linear and nonlinear transformations. Define the matrix representation of a linear transformation from to Rn to Rn,35,50,6.2,10,2,2,0.62,2,1,1,"3,2,2,0,0,0,0,0,0,0,0,0,0,0"
B.Tech_CSE,2017-2018,AM.EN.H4CSE16002,15MAT207_Periodical Exam I_B.Tech_CSE_S4EL 2017-2018,2c9fadbd77ff5d050178030316544ced,15MAT207,Linear Algebra and Its Applications,,4,2c9fadbd77ff5d050178030132334cd9,"Solve linear systems represented as linear transforms and express linear transforms in other forms, such as matrix equations or as vector equations.",35,50,6.2,10,2,2,0.62,2,1,1,"3,3,2,0,0,0,0,0,0,0,0,0,0,0"
B.Tech_CSE,2017-2018,AM.EN.H4CSE16002,15MAT207_Periodical Exam II_B.Tech_CSE_S4EL 2017-2018,2c9fadbd77ff5d050178030319df4d11,15MAT207,Linear Algebra and Its Applications,,4,2c9fadbd77ff5d05017802ff98824cc9,"Define a vector space in terms of an arbitrary set with defined operations of vector addition and scalar multiplication that satisfy the vector space axioms. Introduce different examples of vector spaces including matrix spaces, function spaces under different definitions of vector addition and scalar multiplications",35,50,7,10,2,2,0.7,2,1,2,"3,2,1,0,0,0,0,0,0,0,0,0,0,0"
B.Tech_CSE,2017-2018,AM.EN.H4CSE16002,15MAT207_Periodical Exam II_B.Tech_CSE_S4EL 2017-2018,2c9fadbd77ff5d050178030319df4d11,15MAT207,Linear Algebra and Its Applications,,4,2c9fadbd77ff5d05017803000a984ccd,Identify when a linear system is consistent and when it is inconsistent and interpret the solution geometrically. Dealing with the basis and dimension of the solution space and also with rank and nullity of the matrix,35,50,7,10,2,2,0.7,2,1,2,"3,3,2,0,0,0,0,0,0,0,0,0,0,0"
B.Tech_CSE,2017-2018,AM.EN.H4CSE16002,15MAT207_Periodical Exam II_B.Tech_CSE_S4EL 2017-2018,2c9fadbd77ff5d050178030319df4d11,15MAT207,Linear Algebra and Its Applications,,4,2c9fadbd77ff5d050178030068b04cd1,Construct an orthonormal basis from a given basis and obtain a basis for the orthogonal complement,35,50,7,10,2,2,0.7,2,1,2,"3,3,2,0,0,0,0,0,0,0,0,0,0,0"
B.Tech_CSE,2017-2018,AM.EN.H4CSE16002,15MAT207_Periodical Exam II_B.Tech_CSE_S4EL 2017-2018,2c9fadbd77ff5d050178030319df4d11,15MAT207,Linear Algebra and Its Applications,,4,2c9fadbd77ff5d0501780300d7a74cd5,Distinguish between linear and nonlinear transformations. Define the matrix representation of a linear transformation from to Rn to Rn,35,50,7,10,2,2,0.7,2,1,2,"3,2,2,0,0,0,0,0,0,0,0,0,0,0"
B.Tech_CSE,2017-2018,AM.EN.H4CSE16002,15MAT207_Periodical Exam II_B.Tech_CSE_S4EL 2017-2018,2c9fadbd77ff5d050178030319df4d11,15MAT207,Linear Algebra and Its Applications,,4,2c9fadbd77ff5d050178030132334cd9,"Solve linear systems represented as linear transforms and express linear transforms in other forms, such as matrix equations or as vector equations.",35,50,7,10,2,2,0.7,2,1,2,"3,3,2,0,0,0,0,0,0,0,0,0,0,0"
B.Tech_CSE,2017-2018,AM.EN.H4CSE16002,15MAT207_Continuous Evaluation_B.Tech_CSE_S4EL 2017-2018,2c9fadbd77ff5d05017803031d3f4d28,15MAT207,Linear Algebra and Its Applications,,4,2c9fadbd77ff5d05017802ff98824cc9,"Define a vector space in terms of an arbitrary set with defined operations of vector addition and scalar multiplication that satisfy the vector space axioms. Introduce different examples of vector spaces including matrix spaces, function spaces under different definitions of vector addition and scalar multiplications",35,50,3.2,4,2,2,0.8,2,1,3,"3,2,1,0,0,0,0,0,0,0,0,0,0,0"
B.Tech_CSE,2017-2018,AM.EN.H4CSE16002,15MAT207_Continuous Evaluation_B.Tech_CSE_S4EL 2017-2018,2c9fadbd77ff5d05017803031d3f4d28,15MAT207,Linear Algebra and Its Applications,,4,2c9fadbd77ff5d05017803000a984ccd,Identify when a linear system is consistent and when it is inconsistent and interpret the solution geometrically. Dealing with the basis and dimension of the solution space and also with rank and nullity of the matrix,35,50,3.2,4,2,2,0.8,2,1,3,"3,3,2,0,0,0,0,0,0,0,0,0,0,0"
B.Tech_CSE,2017-2018,AM.EN.H4CSE16002,15MAT207_Continuous Evaluation_B.Tech_CSE_S4EL 2017-2018,2c9fadbd77ff5d05017803031d3f4d28,15MAT207,Linear Algebra and Its Applications,,4,2c9fadbd77ff5d050178030068b04cd1,Construct an orthonormal basis from a given basis and obtain a basis for the orthogonal complement,35,50,3.2,4,2,2,0.8,2,1,3,"3,3,2,0,0,0,0,0,0,0,0,0,0,0"
B.Tech_CSE,2017-2018,AM.EN.H4CSE16002,15MAT207_Continuous Evaluation_B.Tech_CSE_S4EL 2017-2018,2c9fadbd77ff5d05017803031d3f4d28,15MAT207,Linear Algebra and Its Applications,,4,2c9fadbd77ff5d0501780300d7a74cd5,Distinguish between linear and nonlinear transformations. Define the matrix representation of a linear transformation from to Rn to Rn,35,50,3.2,4,2,2,0.8,2,1,3,"3,2,2,0,0,0,0,0,0,0,0,0,0,0"
B.Tech_CSE,2017-2018,AM.EN.H4CSE16002,15MAT207_Continuous Evaluation_B.Tech_CSE_S4EL 2017-2018,2c9fadbd77ff5d05017803031d3f4d28,15MAT207,Linear Algebra and Its Applications,,4,2c9fadbd77ff5d050178030132334cd9,"Solve linear systems represented as linear transforms and express linear transforms in other forms, such as matrix equations or as vector equations.",35,50,3.2,4,2,2,0.8,2,1,3,"3,3,2,0,0,0,0,0,0,0,0,0,0,0"
B.Tech_CSE,2017-2018,AM.EN.H4CSE16002,15MAT207_End Semester_B.Tech_CSE_S4EL 2017-2018,2c9fadbd77ff5d0501780303218d4d53,15MAT207,Linear Algebra and Its Applications,,4,2c9fadbd77ff5d05017802ff98824cc9,"Define a vector space in terms of an arbitrary set with defined operations of vector addition and scalar multiplication that satisfy the vector space axioms. Introduce different examples of vector spaces including matrix spaces, function spaces under different definitions of vector addition and scalar multiplications",35,50,3.7,20,2,2,0.185,0,0,4,"3,2,1,0,0,0,0,0,0,0,0,0,0,0"
B.Tech_CSE,2017-2018,AM.EN.H4CSE16002,15MAT207_End Semester_B.Tech_CSE_S4EL 2017-2018,2c9fadbd77ff5d0501780303218d4d53,15MAT207,Linear Algebra and Its Applications,,4,2c9fadbd77ff5d05017803000a984ccd,Identify when a linear system is consistent and when it is inconsistent and interpret the solution geometrically. Dealing with the basis and dimension of the solution space and also with rank and nullity of the matrix,35,50,14.3,20,2,2,0.715,2,1,4,"3,3,2,0,0,0,0,0,0,0,0,0,0,0"
B.Tech_CSE,2017-2018,AM.EN.H4CSE16002,15MAT207_End Semester_B.Tech_CSE_S4EL 2017-2018,2c9fadbd77ff5d0501780303218d4d53,15MAT207,Linear Algebra and Its Applications,,4,2c9fadbd77ff5d050178030068b04cd1,Construct an orthonormal basis from a given basis and obtain a basis for the orthogonal complement,35,50,10,20,2,2,0.5,1,1,4,"3,3,2,0,0,0,0,0,0,0,0,0,0,0"
B.Tech_CSE,2017-2018,AM.EN.H4CSE16002,15MAT207_End Semester_B.Tech_CSE_S4EL 2017-2018,2c9fadbd77ff5d0501780303218d4d53,15MAT207,Linear Algebra and Its Applications,,4,2c9fadbd77ff5d0501780300d7a74cd5,Distinguish between linear and nonlinear transformations. Define the matrix representation of a linear transformation from to Rn to Rn,35,50,8,20,2,2,0.4,1,0,4,"3,2,2,0,0,0,0,0,0,0,0,0,0,0"
B.Tech_CSE,2017-2018,AM.EN.H4CSE16002,15MAT207_End Semester_B.Tech_CSE_S4EL 2017-2018,2c9fadbd77ff5d0501780303218d4d53,15MAT207,Linear Algebra and Its Applications,,4,2c9fadbd77ff5d050178030132334cd9,"Solve linear systems represented as linear transforms and express linear transforms in other forms, such as matrix equations or as vector equations.",35,50,9,20,2,2,0.45,1,0,4,"3,3,2,0,0,0,0,0,0,0,0,0,0,0"
B.Tech_CSE,2017-2018,AM.EN.H4CSE16002,15MAT201_Periodical Exam I_B.Tech_CSE_S3EL 2017-2018,2c9fadbd7804835e017807d14454004a,15MAT201,Discrete Mathematics,,2,8a838345683c675d016875389dfc21fb,Understand how to write an argument using logical notation and determine if the argument is        or is not valid.,35,50,6.4,10,2,2,0.64,2,1,1,"3,2,1,0,0,0,0,0,0,0,0,0,0,0"
B.Tech_CSE,2017-2018,AM.EN.H4CSE16002,15MAT201_Periodical Exam I_B.Tech_CSE_S3EL 2017-2018,2c9fadbd7804835e017807d14454004a,15MAT201,Discrete Mathematics,,2,8a838345695bde660169b8afcc104723,Understand the basic principles of sets and operations in sets.,35,50,6.4,10,2,2,0.64,2,1,1,"3,3,2,0,0,0,0,0,0,0,0,0,0,0"
B.Tech_CSE,2017-2018,AM.EN.H4CSE16002,15MAT201_Periodical Exam I_B.Tech_CSE_S3EL 2017-2018,2c9fadbd7804835e017807d14454004a,15MAT201,Discrete Mathematics,,2,8a838345695bde660169b8bffafa54f4,Ability to demonstrate an understanding of relations and functions and be able to determine  their properties,35,50,6.4,10,2,2,0.64,2,1,1,"3,3,2,0,0,0,0,0,0,0,0,0,0,0"
B.Tech_CSE,2017-2018,AM.EN.H4CSE16002,15MAT201_Periodical Exam I_B.Tech_CSE_S3EL 2017-2018,2c9fadbd7804835e017807d14454004a,15MAT201,Discrete Mathematics,,2,8a838345695bde660169be9415b069e7,Ability to  demonstrate different traversal methods for trees and graphs,35,50,6.4,10,2,2,0.64,2,1,1,"3,2,1,0,0,0,0,0,0,0,0,0,0,0"
B.Tech_CSE,2017-2018,AM.EN.H4CSE16002,15MAT201_Periodical Exam I_B.Tech_CSE_S3EL 2017-2018,2c9fadbd7804835e017807d14454004a,15MAT201,Discrete Mathematics,,2,8a838345695bde660169be94a2006a25,Ability to Model problems in Computer Science using graphs and tree.,35,50,6.4,10,2,2,0.64,2,1,1,"2,3,2,0,0,0,0,0,0,0,0,0,0,0"
B.Tech_CSE,2017-2018,AM.EN.H4CSE16002,15MAT201_Periodical Exam II_B.Tech_CSE_S3EL 2017-2018,2c9fadbd7804835e017807d14815006e,15MAT201,Discrete Mathematics,,2,8a838345683c675d016875389dfc21fb,Understand how to write an argument using logical notation and determine if the argument is        or is not valid.,35,50,2.6,10,2,2,0.26,0,0,2,"3,2,1,0,0,0,0,0,0,0,0,0,0,0"
B.Tech_CSE,2017-2018,AM.EN.H4CSE16002,15MAT201_Periodical Exam II_B.Tech_CSE_S3EL 2017-2018,2c9fadbd7804835e017807d14815006e,15MAT201,Discrete Mathematics,,2,8a838345695bde660169b8afcc104723,Understand the basic principles of sets and operations in sets.,35,50,2.6,10,2,2,0.26,0,0,2,"3,3,2,0,0,0,0,0,0,0,0,0,0,0"
B.Tech_CSE,2017-2018,AM.EN.H4CSE16002,15MAT201_Periodical Exam II_B.Tech_CSE_S3EL 2017-2018,2c9fadbd7804835e017807d14815006e,15MAT201,Discrete Mathematics,,2,8a838345695bde660169b8bffafa54f4,Ability to demonstrate an understanding of relations and functions and be able to determine  their properties,35,50,2.6,10,2,2,0.26,0,0,2,"3,3,2,0,0,0,0,0,0,0,0,0,0,0"
B.Tech_CSE,2017-2018,AM.EN.H4CSE16002,15MAT201_Periodical Exam II_B.Tech_CSE_S3EL 2017-2018,2c9fadbd7804835e017807d14815006e,15MAT201,Discrete Mathematics,,2,8a838345695bde660169be9415b069e7,Ability to  demonstrate different traversal methods for trees and graphs,35,50,2.6,10,2,2,0.26,0,0,2,"3,2,1,0,0,0,0,0,0,0,0,0,0,0"
B.Tech_CSE,2017-2018,AM.EN.H4CSE16002,15MAT201_Periodical Exam II_B.Tech_CSE_S3EL 2017-2018,2c9fadbd7804835e017807d14815006e,15MAT201,Discrete Mathematics,,2,8a838345695bde660169be94a2006a25,Ability to Model problems in Computer Science using graphs and tree.,35,50,2.6,10,2,2,0.26,0,0,2,"2,3,2,0,0,0,0,0,0,0,0,0,0,0"
B.Tech_CSE,2017-2018,AM.EN.H4CSE16002,15MAT201_Continuous Evaluation_B.Tech_CSE_S3EL 2017-2018,2c9fadbd7804835e017807d14bba0085,15MAT201,Discrete Mathematics,,2,8a838345683c675d016875389dfc21fb,Understand how to write an argument using logical notation and determine if the argument is        or is not valid.,35,50,3.2,4,2,2,0.8,2,1,3,"3,2,1,0,0,0,0,0,0,0,0,0,0,0"
B.Tech_CSE,2017-2018,AM.EN.H4CSE16002,15MAT201_Continuous Evaluation_B.Tech_CSE_S3EL 2017-2018,2c9fadbd7804835e017807d14bba0085,15MAT201,Discrete Mathematics,,2,8a838345695bde660169b8afcc104723,Understand the basic principles of sets and operations in sets.,35,50,3.2,4,2,2,0.8,2,1,3,"3,3,2,0,0,0,0,0,0,0,0,0,0,0"
B.Tech_CSE,2017-2018,AM.EN.H4CSE16002,15MAT201_Continuous Evaluation_B.Tech_CSE_S3EL 2017-2018,2c9fadbd7804835e017807d14bba0085,15MAT201,Discrete Mathematics,,2,8a838345695bde660169b8bffafa54f4,Ability to demonstrate an understanding of relations and functions and be able to determine  their properties,35,50,3.2,4,2,2,0.8,2,1,3,"3,3,2,0,0,0,0,0,0,0,0,0,0,0"
B.Tech_CSE,2017-2018,AM.EN.H4CSE16002,15MAT201_Continuous Evaluation_B.Tech_CSE_S3EL 2017-2018,2c9fadbd7804835e017807d14bba0085,15MAT201,Discrete Mathematics,,2,8a838345695bde660169be9415b069e7,Ability to  demonstrate different traversal methods for trees and graphs,35,50,3.2,4,2,2,0.8,2,1,3,"3,2,1,0,0,0,0,0,0,0,0,0,0,0"
B.Tech_CSE,2017-2018,AM.EN.H4CSE16002,15MAT201_Continuous Evaluation_B.Tech_CSE_S3EL 2017-2018,2c9fadbd7804835e017807d14bba0085,15MAT201,Discrete Mathematics,,2,8a838345695bde660169be94a2006a25,Ability to Model problems in Computer Science using graphs and tree.,35,50,3.2,4,2,2,0.8,2,1,3,"2,3,2,0,0,0,0,0,0,0,0,0,0,0"
B.Tech_CSE,2017-2018,AM.EN.H4CSE16002,15MAT201_End Semester_B.Tech_CSE_S3EL 2017-2018,2c9fadbd7804835e017807d150bc00b0,15MAT201,Discrete Mathematics,,2,8a838345683c675d016875389dfc21fb,Understand how to write an argument using logical notation and determine if the argument is        or is not valid.,35,50,20,20,2,2,1,2,1,4,"3,2,1,0,0,0,0,0,0,0,0,0,0,0"
B.Tech_CSE,2017-2018,AM.EN.H4CSE16002,15MAT201_End Semester_B.Tech_CSE_S3EL 2017-2018,2c9fadbd7804835e017807d150bc00b0,15MAT201,Discrete Mathematics,,2,8a838345695bde660169b8afcc104723,Understand the basic principles of sets and operations in sets.,35,50,6,20,2,2,0.3,0,0,4,"3,3,2,0,0,0,0,0,0,0,0,0,0,0"
B.Tech_CSE,2017-2018,AM.EN.H4CSE16002,15MAT201_End Semester_B.Tech_CSE_S3EL 2017-2018,2c9fadbd7804835e017807d150bc00b0,15MAT201,Discrete Mathematics,,2,8a838345695bde660169b8bffafa54f4,Ability to demonstrate an understanding of relations and functions and be able to determine  their properties,35,50,11.6,20,2,2,0.58,1,1,4,"3,3,2,0,0,0,0,0,0,0,0,0,0,0"
B.Tech_CSE,2017-2018,AM.EN.H4CSE16002,15MAT201_End Semester_B.Tech_CSE_S3EL 2017-2018,2c9fadbd7804835e017807d150bc00b0,15MAT201,Discrete Mathematics,,2,8a838345695bde660169be9415b069e7,Ability to  demonstrate different traversal methods for trees and graphs,35,50,14.4,20,2,2,0.72,2,1,4,"3,2,1,0,0,0,0,0,0,0,0,0,0,0"
B.Tech_CSE,2017-2018,AM.EN.H4CSE16002,15MAT201_End Semester_B.Tech_CSE_S3EL 2017-2018,2c9fadbd7804835e017807d150bc00b0,15MAT201,Discrete Mathematics,,2,8a838345695bde660169be94a2006a25,Ability to Model problems in Computer Science using graphs and tree.,35,50,13,20,2,2,0.65,2,1,4,"2,3,2,0,0,0,0,0,0,0,0,0,0,0"
B.Tech_CSE,2018-2019,AM.EN.H4CSE16002,15CSE313_Periodical Exam I_B.Tech_CSE_S6EL 2018-2019,2c9fadbd782db63a0178315c17ea2159,15CSE313,Software Engineering,,6,8a838345695bde6601699aaf65fe1fec,Understand the principles of software engineering,40,57,3.2,10,2,2,0.32,0,0,1,"1,0,0,0,0,0,0,0,0,0,1,0,0,0"
B.Tech_CSE,2018-2019,AM.EN.H4CSE16002,15CSE313_Periodical Exam I_B.Tech_CSE_S6EL 2018-2019,2c9fadbd782db63a0178315c17ea2159,15CSE313,Software Engineering,,6,8a838345695bde6601699aafb9b61ff3,Understand various software process models,40,60,3.2,10,2,2,0.32,0,0,1,"1,3,2,0,0,0,0,0,0,0,0,0,0,0"
B.Tech_CSE,2018-2019,AM.EN.H4CSE16002,15CSE313_Periodical Exam I_B.Tech_CSE_S6EL 2018-2019,2c9fadbd782db63a0178315c17ea2159,15CSE313,Software Engineering,,6,8a838345695bde6601699aaffdb81ffa,Apply the appropriate design methodology for a real world application,40,60,3.2,10,2,2,0.32,0,0,1,"2,1,3,0,2,0,0,0,1,0,0,0,0,0"
B.Tech_CSE,2018-2019,AM.EN.H4CSE16002,15CSE313_Periodical Exam I_B.Tech_CSE_S6EL 2018-2019,2c9fadbd782db63a0178315c17ea2159,15CSE313,Software Engineering,,6,8a838345695bde6601699ab087462004,Evaluate a system developed for real-world applications in Agile Mode,40,56,3.2,10,2,2,0.32,0,0,1,"2,2,3,0,3,0,0,0,3,1,2,0,0,0"
B.Tech_CSE,2018-2019,AM.EN.H4CSE16002,15CSE313_Periodical Exam II_B.Tech_CSE_S6EL 2018-2019,2c9fadbd782db63a0178315c1c7d2180,15CSE313,Software Engineering,,6,8a838345695bde6601699aaf65fe1fec,Understand the principles of software engineering,40,57,5.2,10,2,2,0.52,1,1,2,"1,0,0,0,0,0,0,0,0,0,1,0,0,0"
B.Tech_CSE,2018-2019,AM.EN.H4CSE16002,15CSE313_Periodical Exam II_B.Tech_CSE_S6EL 2018-2019,2c9fadbd782db63a0178315c1c7d2180,15CSE313,Software Engineering,,6,8a838345695bde6601699aafb9b61ff3,Understand various software process models,40,60,5.2,10,2,2,0.52,1,1,2,"1,3,2,0,0,0,0,0,0,0,0,0,0,0"
B.Tech_CSE,2018-2019,AM.EN.H4CSE16002,15CSE313_Periodical Exam II_B.Tech_CSE_S6EL 2018-2019,2c9fadbd782db63a0178315c1c7d2180,15CSE313,Software Engineering,,6,8a838345695bde6601699aaffdb81ffa,Apply the appropriate design methodology for a real world application,40,60,5.2,10,2,2,0.52,1,1,2,"2,1,3,0,2,0,0,0,1,0,0,0,0,0"
B.Tech_CSE,2018-2019,AM.EN.H4CSE16002,15CSE313_Periodical Exam II_B.Tech_CSE_S6EL 2018-2019,2c9fadbd782db63a0178315c1c7d2180,15CSE313,Software Engineering,,6,8a838345695bde6601699ab087462004,Evaluate a system developed for real-world applications in Agile Mode,40,56,5.2,10,2,2,0.52,1,1,2,"2,2,3,0,3,0,0,0,3,1,2,0,0,0"
B.Tech_CSE,2018-2019,AM.EN.H4CSE16002,15CSE313_Continuous Evaluation_B.Tech_CSE_S6EL 2018-2019,2c9fadbd782db63a0178315c212c2198,15CSE313,Software Engineering,,6,8a838345695bde6601699aaf65fe1fec,Understand the principles of software engineering,40,57,1.8,2,2,2,0.9,2,1,3,"1,0,0,0,0,0,0,0,0,0,1,0,0,0"
B.Tech_CSE,2018-2019,AM.EN.H4CSE16002,15CSE313_Continuous Evaluation_B.Tech_CSE_S6EL 2018-2019,2c9fadbd782db63a0178315c212c2198,15CSE313,Software Engineering,,6,8a838345695bde6601699aafb9b61ff3,Understand various software process models,40,60,1.8,2,2,2,0.9,2,1,3,"1,3,2,0,0,0,0,0,0,0,0,0,0,0"
B.Tech_CSE,2018-2019,AM.EN.H4CSE16002,15CSE313_Continuous Evaluation_B.Tech_CSE_S6EL 2018-2019,2c9fadbd782db63a0178315c212c2198,15CSE313,Software Engineering,,6,8a838345695bde6601699aaffdb81ffa,Apply the appropriate design methodology for a real world application,40,60,1.8,2,2,2,0.9,2,1,3,"2,1,3,0,2,0,0,0,1,0,0,0,0,0"
B.Tech_CSE,2018-2019,AM.EN.H4CSE16002,15CSE313_Continuous Evaluation_B.Tech_CSE_S6EL 2018-2019,2c9fadbd782db63a0178315c212c2198,15CSE313,Software Engineering,,6,8a838345695bde6601699ab087462004,Evaluate a system developed for real-world applications in Agile Mode,40,56,1.8,2,2,2,0.9,2,1,3,"2,2,3,0,3,0,0,0,3,1,2,0,0,0"
B.Tech_CSE,2018-2019,AM.EN.H4CSE16002,15CSE313_End Semester_B.Tech_CSE_S6EL 2018-2019,2c9fadbd782db63a0178315c270321c4,15CSE313,Software Engineering,,6,8a838345695bde6601699aaf65fe1fec,Understand the principles of software engineering,40,57,4.5,10,2,2,0.45,1,0,4,"1,0,0,0,0,0,0,0,0,0,1,0,0,0"
B.Tech_CSE,2018-2019,AM.EN.H4CSE16002,15CSE313_End Semester_B.Tech_CSE_S6EL 2018-2019,2c9fadbd782db63a0178315c270321c4,15CSE313,Software Engineering,,6,8a838345695bde6601699aafb9b61ff3,Understand various software process models,40,60,3.9,10,2,2,0.39,0,0,4,"1,3,2,0,0,0,0,0,0,0,0,0,0,0"
B.Tech_CSE,2018-2019,AM.EN.H4CSE16002,15CSE313_End Semester_B.Tech_CSE_S6EL 2018-2019,2c9fadbd782db63a0178315c270321c4,15CSE313,Software Engineering,,6,8a838345695bde6601699aaffdb81ffa,Apply the appropriate design methodology for a real world application,40,60,4.6,10,2,2,0.46,1,0,4,"2,1,3,0,2,0,0,0,1,0,0,0,0,0"
B.Tech_CSE,2018-2019,AM.EN.H4CSE16002,15CSE313_End Semester_B.Tech_CSE_S6EL 2018-2019,2c9fadbd782db63a0178315c270321c4,15CSE313,Software Engineering,,6,8a838345695bde6601699ab087462004,Evaluate a system developed for real-world applications in Agile Mode,40,56,3.8,10,2,2,0.38,0,0,4,"2,2,3,0,3,0,0,0,3,1,2,0,0,0"
B.Tech_CSE,2018-2019,AM.EN.H4CSE16002,15CSE361_15CSE361 Pattern Recognition (Special Examination),8a8383456a2ef3ea016a6cb73763206f,15CSE361,Pattern Recognition,,6,8a838345695bde6601698fae7dce0270,Understand and be able to apply the methods of regression and classification,35,60,0,10,4,5,0,0,0,2,"3,1,2,0,0,0,0,0,0,0,0,0,0,0"
B.Tech_CSE,2018-2019,AM.EN.H4CSE16002,15CSE361_15CSE361 Pattern Recognition (Special Examination),8a8383456a2ef3ea016a6cb73763206f,15CSE361,Pattern Recognition,,6,8a838345695bde6601698faedcf30274,"Learn about the Bayes classification framework, the minimum error rate classifier",35,60,0,8,2,3,0,0,0,2,"3,2,2,0,0,0,0,0,0,0,0,0,0,0"
B.Tech_CSE,2018-2019,AM.EN.H4CSE16002,15CSE361_15CSE361 Pattern Recognition (Special Examination),8a8383456a2ef3ea016a6cb73763206f,15CSE361,Pattern Recognition,,6,8a838345695bde6601698faf20eb0278,"Apply the parameter estimation techniques (MLE, Bayesian Parameter Estimation & Non Parametric Density Estimation) and use it to design real world pattern recognition applications.",35,60,0,8,2,6,0,0,0,2,"3,3,2,0,0,0,0,0,0,0,0,0,0,0"
B.Tech_CSE,2018-2019,AM.EN.H4CSE16002,15CSE361_15CSE361 Pattern Recognition (Special Examination),8a8383456a2ef3ea016a6cb73763206f,15CSE361,Pattern Recognition,,6,8a838345695bde6601698faf20eb0278,"Apply the parameter estimation techniques (MLE, Bayesian Parameter Estimation & Non Parametric Density Estimation) and use it to design real world pattern recognition applications.",35,60,0,8,5,6,0,0,0,2,"3,3,2,0,0,0,0,0,0,0,0,0,0,0"
B.Tech_CSE,2018-2019,AM.EN.H4CSE16002,15CSE361_15CSE361 Pattern Recognition (Special Examination),8a8383456a2ef3ea016a6cb73763206f,15CSE361,Pattern Recognition,,6,8a838345695bde6601698fafbce80280,"Have strong mathematical understanding on the traditional classifiers like Bayes, SVM, and Neural networks",35,60,0,8,2,4,0,0,0,2,"3,3,3,0,0,0,0,0,0,0,0,0,0,0"
B.Tech_CSE,2018-2019,AM.EN.H4CSE16002,15CSE361_15CSE361 Pattern Recognition (Special Examination),8a8383456a2ef3ea016a6cb73763206f,15CSE361,Pattern Recognition,,6,8a838345695bde6601698fafeeca0284,"Be able to model, design and develop pattern recognition application for real world applications.",35,60,0,8,2,2,0,0,0,2,"2,2,3,1,2,2,0,0,0,0,0,0,0,0"
B.Tech_CSE,2018-2019,AM.EN.H4CSE15001,15CSE346_Periodical Exam I_B.Tech_CSE_S7A 2018-2019,2c9fadbd7885b0a9017887e4dc0e3cb4,15CSE346,Embedded Programming,,7,8a8383456788d6e00167a1ac5a2a4000,Understanding of Embedded Systems using modular design and abstraction,35,60,5.7,15,2,2,0.38,0,0,1,"3,2,1,0,3,0,0,0,0,0,0,0,0,0"
B.Tech_CSE,2018-2019,AM.EN.H4CSE15001,15CSE346_Periodical Exam I_B.Tech_CSE_S7A 2018-2019,2c9fadbd7885b0a9017887e4dc0e3cb4,15CSE346,Embedded Programming,,7,8a8383456788d6e00167a1ac8e8d400c,Learn how to read a data sheet and compute the value of registers. Understand the strategic use of memory and other I/O modules in TM4C123 microcontroller.,35,60,5.7,15,2,2,0.38,0,0,1,"3,1,1,0,3,0,0,0,0,0,0,0,0,0"
B.Tech_CSE,2018-2019,AM.EN.H4CSE15001,15CSE346_Periodical Exam I_B.Tech_CSE_S7A 2018-2019,2c9fadbd7885b0a9017887e4dc0e3cb4,15CSE346,Embedded Programming,,7,8a8383456788d6e00167a1acc34b404f,Analyse how to access Microcontroller ports using Embedded C program,35,60,7.6,20,2,2,0.38,0,0,1,"2,3,3,0,3,0,0,0,0,0,0,0,0,0"
B.Tech_CSE,2018-2019,AM.EN.H4CSE15001,15CSE346_Periodical Exam II_B.Tech_CSE_S7A 2018-2019,2c9fadbd7885b0a9017887e532183da3,15CSE346,Embedded Programming,,7,8a8383456788d6e00167a1acf7004062,Debugging and verification using a simulator and on the real microcontroller,35,60,13.5,15,2,2,0.9,2,1,2,"3,3,3,3,3,0,0,0,0,0,0,0,0,0"
B.Tech_CSE,2018-2019,AM.EN.H4CSE15001,15CSE346_Periodical Exam II_B.Tech_CSE_S7A 2018-2019,2c9fadbd7885b0a9017887e532183da3,15CSE346,Embedded Programming,,7,8a8383456788d6e00167a1ad2814407f,"Investigate measures for debugging using logical analyser, and software instrumentation.  Estimation of time to achieve accurate delays using Systick and other timers.",35,60,13.5,15,2,2,0.9,2,1,2,"3,3,3,2,3,0,0,0,0,0,0,0,0,0"
B.Tech_CSE,2018-2019,AM.EN.H4CSE15001,15CSE346_Periodical Exam II_B.Tech_CSE_S7A 2018-2019,2c9fadbd7885b0a9017887e532183da3,15CSE346,Embedded Programming,,7,8a8383456788d6e00167a1ad56b64083,Develop problem solving skill to solve real world problems using Finite State Machine,35,60,9,10,2,2,0.9,2,1,2,"3,3,3,3,3,2,2,2,1,3,0,0,0,0"
B.Tech_CSE,2018-2019,AM.EN.H4CSE15001,15CSE346_Periodical Exam II_B.Tech_CSE_S7A 2018-2019,2c9fadbd7885b0a9017887e532183da3,15CSE346,Embedded Programming,,7,8a8383456788d6e00167a1ad8c104099,"Designing a circuit and construction on a solderless breadboard, interfacing the input and output in it with the Microcontroller.",35,60,9,10,2,2,0.9,2,1,2,"3,3,3,3,3,2,2,2,1,1,0,0,0,0"
B.Tech_CSE,2018-2019,AM.EN.H4CSE15001,15CSE346_Continuous Evaluation_B.Tech_CSE_S7A 2018-2019,2c9fadbd7885b0a9017887e58dc63e92,15CSE346,Embedded Programming,,7,8a8383456788d6e00167a1ac5a2a4000,Understanding of Embedded Systems using modular design and abstraction,35,60,2.84,4,2,2,0.71,2,1,3,"3,2,1,0,3,0,0,0,0,0,0,0,0,0"
B.Tech_CSE,2018-2019,AM.EN.H4CSE15001,15CSE346_Continuous Evaluation_B.Tech_CSE_S7A 2018-2019,2c9fadbd7885b0a9017887e58dc63e92,15CSE346,Embedded Programming,,7,8a8383456788d6e00167a1ac8e8d400c,Learn how to read a data sheet and compute the value of registers. Understand the strategic use of memory and other I/O modules in TM4C123 microcontroller.,35,60,2.84,4,2,2,0.71,2,1,3,"3,1,1,0,3,0,0,0,0,0,0,0,0,0"
B.Tech_CSE,2018-2019,AM.EN.H4CSE15001,15CSE346_Continuous Evaluation_B.Tech_CSE_S7A 2018-2019,2c9fadbd7885b0a9017887e58dc63e92,15CSE346,Embedded Programming,,7,8a8383456788d6e00167a1acc34b404f,Analyse how to access Microcontroller ports using Embedded C program,35,60,2.84,4,2,2,0.71,2,1,3,"2,3,3,0,3,0,0,0,0,0,0,0,0,0"
B.Tech_CSE,2018-2019,AM.EN.H4CSE15001,15CSE346_Continuous Evaluation_B.Tech_CSE_S7A 2018-2019,2c9fadbd7885b0a9017887e58dc63e92,15CSE346,Embedded Programming,,7,8a8383456788d6e00167a1acf7004062,Debugging and verification using a simulator and on the real microcontroller,35,60,2.84,4,2,2,0.71,2,1,3,"3,3,3,3,3,0,0,0,0,0,0,0,0,0"
B.Tech_CSE,2018-2019,AM.EN.H4CSE15001,15CSE346_Continuous Evaluation_B.Tech_CSE_S7A 2018-2019,2c9fadbd7885b0a9017887e58dc63e92,15CSE346,Embedded Programming,,7,8a8383456788d6e00167a1ad2814407f,"Investigate measures for debugging using logical analyser, and software instrumentation.  Estimation of time to achieve accurate delays using Systick and other timers.",35,60,2.84,4,2,2,0.71,2,1,3,"3,3,3,2,3,0,0,0,0,0,0,0,0,0"
B.Tech_CSE,2018-2019,AM.EN.H4CSE15001,15CSE346_Continuous Evaluation_B.Tech_CSE_S7A 2018-2019,2c9fadbd7885b0a9017887e58dc63e92,15CSE346,Embedded Programming,,7,8a8383456788d6e00167a1ad56b64083,Develop problem solving skill to solve real world problems using Finite State Machine,35,60,2.84,4,2,2,0.71,2,1,3,"3,3,3,3,3,2,2,2,1,3,0,0,0,0"
B.Tech_CSE,2018-2019,AM.EN.H4CSE15001,15CSE346_Continuous Evaluation_B.Tech_CSE_S7A 2018-2019,2c9fadbd7885b0a9017887e58dc63e92,15CSE346,Embedded Programming,,7,8a8383456788d6e00167a1ad8c104099,"Designing a circuit and construction on a solderless breadboard, interfacing the input and output in it with the Microcontroller.",35,60,2.84,4,2,2,0.71,2,1,3,"3,3,3,3,3,2,2,2,1,1,0,0,0,0"
B.Tech_CSE,2018-2019,AM.EN.H4CSE15001,15CSE346_Continuous Evaluation_B.Tech_CSE_S7A 2018-2019,2c9fadbd7885b0a9017887e58dc63e92,15CSE346,Embedded Programming,,7,8a8383456788d6e00167a1adf7d640b4,"The implementation of an I/O driver using synchronization, Multi-threaded programming using interrupts.",35,60,2.84,4,2,2,0.71,2,1,3,"3,3,3,3,3,0,0,0,0,0,0,0,0,0"
B.Tech_CSE,2018-2019,AM.EN.H4CSE15001,15CSE346_Continuous Evaluation_B.Tech_CSE_S7A 2018-2019,2c9fadbd7885b0a9017887e58dc63e92,15CSE346,Embedded Programming,,7,8a8383456788d6e00167a1ae468d40c2,Integrate the concepts learn to solve real world problems in designing and implementing a project based on environment or sustainability theme.,35,60,2.84,4,2,2,0.71,2,1,3,"3,3,3,3,3,2,2,3,3,3,0,0,0,0"
B.Tech_CSE,2018-2019,AM.EN.H4CSE15001,15CSE346_End Semester_B.Tech_CSE_S7A 2018-2019,2c9fadbd7885b0a9017887e5eba33fae,15CSE346,Embedded Programming,,7,8a8383456788d6e00167a1ac5a2a4000,Understanding of Embedded Systems using modular design and abstraction,35,60,5.1,10,2,2,0.51,1,1,4,"3,2,1,0,3,0,0,0,0,0,0,0,0,0"
B.Tech_CSE,2018-2019,AM.EN.H4CSE15001,15CSE346_End Semester_B.Tech_CSE_S7A 2018-2019,2c9fadbd7885b0a9017887e5eba33fae,15CSE346,Embedded Programming,,7,8a8383456788d6e00167a1ac8e8d400c,Learn how to read a data sheet and compute the value of registers. Understand the strategic use of memory and other I/O modules in TM4C123 microcontroller.,35,60,0.5,10,2,2,0.05,0,0,4,"3,1,1,0,3,0,0,0,0,0,0,0,0,0"
B.Tech_CSE,2018-2019,AM.EN.H4CSE15001,15CSE346_End Semester_B.Tech_CSE_S7A 2018-2019,2c9fadbd7885b0a9017887e5eba33fae,15CSE346,Embedded Programming,,7,8a8383456788d6e00167a1acc34b404f,Analyse how to access Microcontroller ports using Embedded C program,35,60,8.4,10,2,2,0.84,2,1,4,"2,3,3,0,3,0,0,0,0,0,0,0,0,0"
B.Tech_CSE,2018-2019,AM.EN.H4CSE15001,15CSE346_End Semester_B.Tech_CSE_S7A 2018-2019,2c9fadbd7885b0a9017887e5eba33fae,15CSE346,Embedded Programming,,7,8a8383456788d6e00167a1acf7004062,Debugging and verification using a simulator and on the real microcontroller,35,60,2.9,10,2,2,0.29,0,0,4,"3,3,3,3,3,0,0,0,0,0,0,0,0,0"
B.Tech_CSE,2018-2019,AM.EN.H4CSE15001,15CSE346_End Semester_B.Tech_CSE_S7A 2018-2019,2c9fadbd7885b0a9017887e5eba33fae,15CSE346,Embedded Programming,,7,8a8383456788d6e00167a1ad2814407f,"Investigate measures for debugging using logical analyser, and software instrumentation.  Estimation of time to achieve accurate delays using Systick and other timers.",35,60,6,10,2,2,0.6,2,1,4,"3,3,3,2,3,0,0,0,0,0,0,0,0,0"
B.Tech_CSE,2018-2019,AM.EN.H4CSE15001,15CSE346_End Semester_B.Tech_CSE_S7A 2018-2019,2c9fadbd7885b0a9017887e5eba33fae,15CSE346,Embedded Programming,,7,8a8383456788d6e00167a1ad56b64083,Develop problem solving skill to solve real world problems using Finite State Machine,35,60,7,10,2,2,0.7,2,1,4,"3,3,3,3,3,2,2,2,1,3,0,0,0,0"
B.Tech_CSE,2018-2019,AM.EN.H4CSE15001,15CSE346_End Semester_B.Tech_CSE_S7A 2018-2019,2c9fadbd7885b0a9017887e5eba33fae,15CSE346,Embedded Programming,,7,8a8383456788d6e00167a1ad8c104099,"Designing a circuit and construction on a solderless breadboard, interfacing the input and output in it with the Microcontroller.",35,60,1.9,10,2,2,0.19,0,0,4,"3,3,3,3,3,2,2,2,1,1,0,0,0,0"
B.Tech_CSE,2018-2019,AM.EN.H4CSE15001,15CSE346_End Semester_B.Tech_CSE_S7A 2018-2019,2c9fadbd7885b0a9017887e5eba33fae,15CSE346,Embedded Programming,,7,8a8383456788d6e00167a1adf7d640b4,"The implementation of an I/O driver using synchronization, Multi-threaded programming using interrupts.",35,60,1,10,2,2,0.1,0,0,4,"3,3,3,3,3,0,0,0,0,0,0,0,0,0"
B.Tech_CSE,2018-2019,AM.EN.H4CSE15001,15CSE346_End Semester_B.Tech_CSE_S7A 2018-2019,2c9fadbd7885b0a9017887e5eba33fae,15CSE346,Embedded Programming,,7,8a8383456788d6e00167a1ae468d40c2,Integrate the concepts learn to solve real world problems in designing and implementing a project based on environment or sustainability theme.,35,60,7.9,10,2,2,0.79,2,1,4,"3,3,3,3,3,2,2,3,3,3,0,0,0,0"
B.Tech_CSE,2018-2019,AM.EN.H4CSE15001,15CSE340_15CSE340 Computer Vision - Question Paper,8a838345673ec61901674f18b50813d8,15CSE340,Computer Vision,,5,8a838345673ec61901673ece37410055,Learn to device keypoint detection strategies,35,60,6,6,3,1,1,2,1,3,"2,2,3,1,2,2,0,0,0,0,0,0,0,0"
B.Tech_CSE,2018-2019,AM.EN.H4CSE15001,15CSE340_15CSE340 Computer Vision - Question Paper,8a838345673ec61901674f18b50813d8,15CSE340,Computer Vision,,5,8a838345673ec61901673ece37410055,Learn to device keypoint detection strategies,35,60,5,7,4,2,0.714285714,2,1,3,"2,2,3,1,2,2,0,0,0,0,0,0,0,0"
B.Tech_CSE,2018-2019,AM.EN.H4CSE15001,15CSE340_15CSE340 Computer Vision - Question Paper,8a838345673ec61901674f18b50813d8,15CSE340,Computer Vision,,5,8a838345673ec61901673ecec7a4006b,Learn to device keypoint descriptors to favour Keypoint matching,35,60,6,6,1,4,1,2,1,3,"2,2,3,1,2,2,0,0,0,0,0,0,0,0"
B.Tech_CSE,2018-2019,AM.EN.H4CSE15001,15CSE340_15CSE340 Computer Vision - Question Paper,8a838345673ec61901674f18b50813d8,15CSE340,Computer Vision,,5,8a838345673ec61901673ecec7a4006b,Learn to device keypoint descriptors to favour Keypoint matching,35,60,0,6,2,6,0,0,0,3,"2,2,3,1,2,2,0,0,0,0,0,0,0,0"
B.Tech_CSE,2018-2019,AM.EN.H4CSE15001,15CSE340_15CSE340 Computer Vision - Question Paper,8a838345673ec61901674f18b50813d8,15CSE340,Computer Vision,,5,8a838345673ec61901673ecec7a4006b,Learn to device keypoint descriptors to favour Keypoint matching,35,60,16,20,4,3,0.8,2,1,3,"2,2,3,1,2,2,0,0,0,0,0,0,0,0"
B.Tech_CSE,2018-2019,AM.EN.H4CSE15001,15CSE340_15CSE340 Computer Vision - Question Paper,8a838345673ec61901674f18b50813d8,15CSE340,Computer Vision,,5,8a838345673ec61901673ecf2740007e,"Learn to detect, identify & track objects",35,60,5,12,1,5,0.416666667,1,0,3,"3,3,3,2,2,3,0,0,0,0,0,0,0,0"
B.Tech_CSE,2018-2019,AM.EN.H4CSE15001,15CSE340_15CSE340 Computer Vision - Question Paper,8a83834567ad07970167bab96f9b3336,15CSE340,Computer Vision,,5,8a838345673ec61901673ecd4877002d,Understand Image & Image Formation Model,35,60,6,8,1,6,0.75,2,1,3,"2,0,0,0,0,0,0,0,0,0,0,0,0,0"
B.Tech_CSE,2018-2019,AM.EN.H4CSE15001,15CSE340_15CSE340 Computer Vision - Question Paper,8a83834567ad07970167bab96f9b3336,15CSE340,Computer Vision,,5,8a838345673ec61901673ecd4877002d,Understand Image & Image Formation Model,35,60,0,4,3,2,0,0,0,3,"2,0,0,0,0,0,0,0,0,0,0,0,0,0"
B.Tech_CSE,2018-2019,AM.EN.H4CSE15001,15CSE340_15CSE340 Computer Vision - Question Paper,8a83834567ad07970167bab96f9b3336,15CSE340,Computer Vision,,5,8a838345673ec61901673ecddb630041,Learn to apply image enhancement techniques judiciously,35,60,10,14,2,4,0.714285714,2,1,3,"3,3,3,1,2,2,0,0,0,0,0,0,0,0"
B.Tech_CSE,2018-2019,AM.EN.H4CSE15001,15CSE340_15CSE340 Computer Vision - Question Paper,8a83834567ad07970167bab96f9b3336,15CSE340,Computer Vision,,5,8a838345673ec61901673ecddb630041,Learn to apply image enhancement techniques judiciously,35,60,8,14,4,5,0.571428571,1,1,3,"3,3,3,1,2,2,0,0,0,0,0,0,0,0"
B.Tech_CSE,2018-2019,AM.EN.H4CSE15001,15CSE340_15CSE340 Computer Vision - Question Paper,8a83834567ad07970167bab96f9b3336,15CSE340,Computer Vision,,5,8a838345673ec61901673ecddb630041,Learn to apply image enhancement techniques judiciously,35,60,8,10,5,1,0.8,2,1,3,"3,3,3,1,2,2,0,0,0,0,0,0,0,0"
B.Tech_CSE,2018-2019,AM.EN.H4CSE15001,15CSE340_15CSE340 Computer Vision,8a838345683c675d016873ea61821f10,15CSE340,Computer Vision,,5,8a838345673ec61901673ecddb630041,Learn to apply image enhancement techniques judiciously,35,60,3,12,2,2,0.25,0,0,3,"3,3,3,1,2,2,0,0,0,0,0,0,0,0"
B.Tech_CSE,2018-2019,AM.EN.H4CSE15001,15CSE340_15CSE340 Computer Vision,8a838345683c675d016873ea61821f10,15CSE340,Computer Vision,,5,8a838345673ec61901673ecddb630041,Learn to apply image enhancement techniques judiciously,35,60,13.5,32,4,4,0.421875,1,0,3,"3,3,3,1,2,2,0,0,0,0,0,0,0,0"
B.Tech_CSE,2018-2019,AM.EN.H4CSE15001,15CSE340_15CSE340 Computer Vision,8a838345683c675d016873ea61821f10,15CSE340,Computer Vision,,5,8a838345673ec61901673ecddb630041,Learn to apply image enhancement techniques judiciously,35,60,4.5,6,5,6,0.75,2,1,3,"3,3,3,1,2,2,0,0,0,0,0,0,0,0"
B.Tech_CSE,2018-2019,AM.EN.H4CSE15001,15CSE340_15CSE340 Computer Vision,8a838345683c675d016873ea61821f10,15CSE340,Computer Vision,,5,8a838345673ec61901673ece37410055,Learn to device keypoint detection strategies,35,60,0,8,4,6,0,0,0,3,"2,2,3,1,2,2,0,0,0,0,0,0,0,0"
B.Tech_CSE,2018-2019,AM.EN.H4CSE15001,15CSE340_15CSE340 Computer Vision,8a838345683c675d016873ea61821f10,15CSE340,Computer Vision,,5,8a838345673ec61901673ece37410055,Learn to device keypoint detection strategies,35,60,0.5,3,5,2,0.166666667,0,0,3,"2,2,3,1,2,2,0,0,0,0,0,0,0,0"
B.Tech_CSE,2018-2019,AM.EN.H4CSE15001,15CSE340_15CSE340 Computer Vision,8a838345683c675d016873ea61821f10,15CSE340,Computer Vision,,5,8a838345673ec61901673ecec7a4006b,Learn to device keypoint descriptors to favour Keypoint matching,35,60,6,8,4,6,0.75,2,1,3,"2,2,3,1,2,2,0,0,0,0,0,0,0,0"
B.Tech_CSE,2018-2019,AM.EN.H4CSE15001,15CSE340_15CSE340 Computer Vision,8a838345683c675d016873ea61821f10,15CSE340,Computer Vision,,5,8a838345673ec61901673ecec7a4006b,Learn to device keypoint descriptors to favour Keypoint matching,35,60,0.5,3,5,2,0.166666667,0,0,3,"2,2,3,1,2,2,0,0,0,0,0,0,0,0"
B.Tech_CSE,2018-2019,AM.EN.H4CSE15001,15CSE340_15CSE340 Computer Vision,8a838345683c675d016873ea61821f10,15CSE340,Computer Vision,,5,8a838345673ec61901673ecf2740007e,"Learn to detect, identify & track objects",35,60,8,14,2,4,0.571428571,1,1,3,"3,3,3,2,2,3,0,0,0,0,0,0,0,0"
B.Tech_CSE,2018-2019,AM.EN.H4CSE15001,15CSE340_15CSE340 Computer Vision,8a838345683c675d016873ea61821f10,15CSE340,Computer Vision,,5,8a838345673ec61901673ecf2740007e,"Learn to detect, identify & track objects",35,60,1,8,4,2,0.125,0,0,3,"3,3,3,2,2,3,0,0,0,0,0,0,0,0"
B.Tech_CSE,2018-2019,AM.EN.H4CSE15001,15CSE340_15CSE340 Computer Vision,8a838345683c675d016873ea61821f10,15CSE340,Computer Vision,,5,8a838345673ec61901673ecf738f008e,Learn to get depth perception from images,35,60,1.5,6,5,1,0.25,0,0,3,"3,3,1,1,1,3,0,0,0,0,0,0,0,0"
B.Tech_CSE,2018-2019,AM.EN.H4CSE15001,15CSE346_15CSE346 Embedded Programming,8a838345689da61e0168ac93fb155b57,15CSE346,Embedded Programming,,7,8a8383456788d6e00167a1ac5a2a4000,Understanding of Embedded Systems using modular design and abstraction,35,60,9,22.5,2,1,0.4,1,0,3,"3,2,1,0,3,0,0,0,0,0,0,0,0,0"
B.Tech_CSE,2018-2019,AM.EN.H4CSE15001,15CSE346_15CSE346 Embedded Programming,8a838345689da61e0168ac93fb155b57,15CSE346,Embedded Programming,,7,8a8383456788d6e00167a1ac8e8d400c,Learn how to read a data sheet and compute the value of registers. Understand the strategic use of memory and other I/O modules in TM4C123 microcontroller.,35,60,9.5,25,2,1,0.38,0,0,3,"3,1,1,0,3,0,0,0,0,0,0,0,0,0"
B.Tech_CSE,2018-2019,AM.EN.H4CSE15001,15CSE346_15CSE346 Embedded Programming,8a838345689da61e0168ac93fb155b57,15CSE346,Embedded Programming,,7,8a8383456788d6e00167a1acc34b404f,Analyse how to access Microcontroller ports using Embedded C program,35,60,3.75,8.75,2,4,0.428571429,1,0,3,"2,3,3,0,3,0,0,0,0,0,0,0,0,0"
B.Tech_CSE,2018-2019,AM.EN.H4CSE15001,15CSE346_15CSE346 Embedded Programming,8a838345689da61e0168ac93fb155b57,15CSE346,Embedded Programming,,7,8a8383456788d6e00167a1acf7004062,Debugging and verification using a simulator and on the real microcontroller,35,60,3.5,7.5,2,4,0.466666667,1,0,3,"3,3,3,3,3,0,0,0,0,0,0,0,0,0"
B.Tech_CSE,2018-2019,AM.EN.H4CSE15001,15CSE346_Lab Periodical2,8a838345689da61e0168aca222f95be1,15CSE346,Embedded Programming,,7,8a8383456788d6e00167a1ad8c104099,"Designing a circuit and construction on a solderless breadboard, interfacing the input and output in it with the Microcontroller.",35,60,45,50,4,5,0.9,2,1,2,"3,3,3,3,3,2,2,2,1,1,0,0,0,0"
B.Tech_CSE,2018-2019,AM.EN.H4CSE15001,15CSE346_End Semester,8a83834568ae10080168b82dab377823,15CSE346,Embedded Programming,,7,8a8383456788d6e00167a1ac5a2a4000,Understanding of Embedded Systems using modular design and abstraction,35,60,0.5,0.75,4,4,0.666666667,2,1,4,"3,2,1,0,3,0,0,0,0,0,0,0,0,0"
B.Tech_CSE,2018-2019,AM.EN.H4CSE15001,15CSE346_End Semester,8a83834568ae10080168b82dab377823,15CSE346,Embedded Programming,,7,8a8383456788d6e00167a1ac8e8d400c,Learn how to read a data sheet and compute the value of registers. Understand the strategic use of memory and other I/O modules in TM4C123 microcontroller.,35,60,0.5,0.75,4,4,0.666666667,2,1,4,"3,1,1,0,3,0,0,0,0,0,0,0,0,0"
B.Tech_CSE,2018-2019,AM.EN.H4CSE15001,15CSE346_End Semester,8a83834568ae10080168b82dab377823,15CSE346,Embedded Programming,,7,8a8383456788d6e00167a1acc34b404f,Analyse how to access Microcontroller ports using Embedded C program,35,60,0.5,0.75,4,4,0.666666667,2,1,4,"2,3,3,0,3,0,0,0,0,0,0,0,0,0"
B.Tech_CSE,2018-2019,AM.EN.H4CSE15001,15CSE346_End Semester,8a83834568ae10080168b82dab377823,15CSE346,Embedded Programming,,7,8a8383456788d6e00167a1acf7004062,Debugging and verification using a simulator and on the real microcontroller,35,60,0.5,0.75,4,4,0.666666667,2,1,4,"3,3,3,3,3,0,0,0,0,0,0,0,0,0"
B.Tech_CSE,2018-2019,AM.EN.H4CSE15001,15CSE346_End Semester,8a83834568ae10080168b82dab377823,15CSE346,Embedded Programming,,7,8a8383456788d6e00167a1ad2814407f,"Investigate measures for debugging using logical analyser, and software instrumentation.  Estimation of time to achieve accurate delays using Systick and other timers.",35,60,0,2,3,1,0,0,0,4,"3,3,3,2,3,0,0,0,0,0,0,0,0,0"
B.Tech_CSE,2018-2019,AM.EN.H4CSE15001,15CSE346_End Semester,8a83834568ae10080168b82dab377823,15CSE346,Embedded Programming,,7,8a8383456788d6e00167a1ad2814407f,"Investigate measures for debugging using logical analyser, and software instrumentation.  Estimation of time to achieve accurate delays using Systick and other timers.",35,60,8,20,5,2,0.4,1,0,4,"3,3,3,2,3,0,0,0,0,0,0,0,0,0"
B.Tech_CSE,2018-2019,AM.EN.H4CSE15001,15CSE346_End Semester,8a83834568ae10080168b82dab377823,15CSE346,Embedded Programming,,7,8a8383456788d6e00167a1ad56b64083,Develop problem solving skill to solve real world problems using Finite State Machine,35,60,5,30,2,5,0.166666667,0,0,4,"3,3,3,3,3,2,2,2,1,3,0,0,0,0"
B.Tech_CSE,2018-2019,AM.EN.H4CSE15001,15CSE346_End Semester,8a83834568ae10080168b82dab377823,15CSE346,Embedded Programming,,7,8a8383456788d6e00167a1ad8c104099,"Designing a circuit and construction on a solderless breadboard, interfacing the input and output in it with the Microcontroller.",35,60,5,5,3,1,1,2,1,4,"3,3,3,3,3,2,2,2,1,1,0,0,0,0"
B.Tech_CSE,2018-2019,AM.EN.H4CSE15001,15CSE346_End Semester,8a83834568ae10080168b82dab377823,15CSE346,Embedded Programming,,7,8a8383456788d6e00167a1ad8c104099,"Designing a circuit and construction on a solderless breadboard, interfacing the input and output in it with the Microcontroller.",35,60,17.5,30,5,2,0.583333333,1,1,4,"3,3,3,3,3,2,2,2,1,1,0,0,0,0"
B.Tech_CSE,2018-2019,AM.EN.H4CSE15001,15CSE346_End Semester,8a83834568ae10080168b82dab377823,15CSE346,Embedded Programming,,7,8a8383456788d6e00167a1adf7d640b4,"The implementation of an I/O driver using synchronization, Multi-threaded programming using interrupts.",35,60,4,5,2,5,0.8,2,1,4,"3,3,3,3,3,0,0,0,0,0,0,0,0,0"
B.Tech_CSE,2018-2019,AM.EN.H4CSE15001,15CSE346_End Semester,8a83834568ae10080168b82dab377823,15CSE346,Embedded Programming,,7,8a8383456788d6e00167a1adf7d640b4,"The implementation of an I/O driver using synchronization, Multi-threaded programming using interrupts.",35,60,3,5,3,1,0.6,2,1,4,"3,3,3,3,3,0,0,0,0,0,0,0,0,0"
B.Tech_CSE,2018-2019,AM.EN.U4CSE15152,15CSE401_Periodical Exam I_B.Tech_CSE_S7B 2018-2019,2c9fadbd788ad6fd01788b468aeb0011,15CSE401,Machine Learning and Data Mining,,7,8a8383456721a4a101672a88b8ee0079,Understand the fundamental concepts of Data mining and basic theory underlying Machine learning.,35,50,3.9,15,2,2,0.26,0,0,1,"3,3,0,3,0,2,0,0,3,0,0,0,0,0"
B.Tech_CSE,2018-2019,AM.EN.U4CSE15152,15CSE401_Periodical Exam I_B.Tech_CSE_S7B 2018-2019,2c9fadbd788ad6fd01788b468aeb0011,15CSE401,Machine Learning and Data Mining,,7,8a8383456721a4a101672a8aa0f0007d,Understand the types of the data to be mined and apply pre-processing methods.,35,60,5.2,20,2,2,0.26,0,0,1,"3,3,0,0,3,0,0,0,3,0,0,0,0,0"
B.Tech_CSE,2018-2019,AM.EN.U4CSE15152,15CSE401_Periodical Exam I_B.Tech_CSE_S7B 2018-2019,2c9fadbd788ad6fd01788b468aeb0011,15CSE401,Machine Learning and Data Mining,,7,8a8383456721a4a101672a8b20c10081,Apply appropriate classication and clustering techniques for real word applications.,35,50,3.9,15,2,2,0.26,0,0,1,"3,0,3,0,3,0,0,0,3,0,0,0,0,0"
B.Tech_CSE,2018-2019,AM.EN.U4CSE15152,15CSE401_Periodical Exam II_B.Tech_CSE_S7B 2018-2019,2c9fadbd788ad6fd01788b469a6200e6,15CSE401,Machine Learning and Data Mining,,7,8a8383456721a4a101672a8aa0f0007d,Understand the types of the data to be mined and apply pre-processing methods.,35,60,6.8,10,2,2,0.68,2,1,2,"3,3,0,0,3,0,0,0,3,0,0,0,0,0"
B.Tech_CSE,2018-2019,AM.EN.U4CSE15152,15CSE401_Periodical Exam II_B.Tech_CSE_S7B 2018-2019,2c9fadbd788ad6fd01788b469a6200e6,15CSE401,Machine Learning and Data Mining,,7,8a8383456721a4a101672a8b20c10081,Apply appropriate classication and clustering techniques for real word applications.,35,50,10.2,15,2,2,0.68,2,1,2,"3,0,3,0,3,0,0,0,3,0,0,0,0,0"
B.Tech_CSE,2018-2019,AM.EN.U4CSE15152,15CSE401_Periodical Exam II_B.Tech_CSE_S7B 2018-2019,2c9fadbd788ad6fd01788b469a6200e6,15CSE401,Machine Learning and Data Mining,,7,8a8383456721a4a101672a8b9a3c0085,Analyze the performance of various classiers and clusters techniques,40,50,10.2,15,2,2,0.68,2,1,2,"3,3,0,0,3,0,0,0,3,0,0,0,0,0"
B.Tech_CSE,2018-2019,AM.EN.U4CSE15152,15CSE401_Periodical Exam II_B.Tech_CSE_S7B 2018-2019,2c9fadbd788ad6fd01788b469a6200e6,15CSE401,Machine Learning and Data Mining,,7,8a8383456721a4a101672a8bf76f0089,Apply and evaluate the interesting patterns discovered from association mining,40,50,6.8,10,2,2,0.68,2,1,2,"3,2,1,2,3,0,0,0,3,0,0,0,0,0"
B.Tech_CSE,2018-2019,AM.EN.U4CSE15152,15CSE401_Continuous Evaluation_B.Tech_CSE_S7B 2018-2019,2c9fadbd788ad6fd01788b46a9be01ac,15CSE401,Machine Learning and Data Mining,,7,8a8383456721a4a101672a88b8ee0079,Understand the fundamental concepts of Data mining and basic theory underlying Machine learning.,35,50,3.21,4,2,2,0.8025,2,1,3,"3,3,0,3,0,2,0,0,3,0,0,0,0,0"
B.Tech_CSE,2018-2019,AM.EN.U4CSE15152,15CSE401_Continuous Evaluation_B.Tech_CSE_S7B 2018-2019,2c9fadbd788ad6fd01788b46a9be01ac,15CSE401,Machine Learning and Data Mining,,7,8a8383456721a4a101672a8aa0f0007d,Understand the types of the data to be mined and apply pre-processing methods.,35,60,3.21,4,2,2,0.8025,2,1,3,"3,3,0,0,3,0,0,0,3,0,0,0,0,0"
B.Tech_CSE,2018-2019,AM.EN.U4CSE15152,15CSE401_Continuous Evaluation_B.Tech_CSE_S7B 2018-2019,2c9fadbd788ad6fd01788b46a9be01ac,15CSE401,Machine Learning and Data Mining,,7,8a8383456721a4a101672a8b20c10081,Apply appropriate classication and clustering techniques for real word applications.,35,50,3.21,4,2,2,0.8025,2,1,3,"3,0,3,0,3,0,0,0,3,0,0,0,0,0"
B.Tech_CSE,2018-2019,AM.EN.U4CSE15152,15CSE401_Continuous Evaluation_B.Tech_CSE_S7B 2018-2019,2c9fadbd788ad6fd01788b46a9be01ac,15CSE401,Machine Learning and Data Mining,,7,8a8383456721a4a101672a8b9a3c0085,Analyze the performance of various classiers and clusters techniques,40,50,3.21,4,2,2,0.8025,2,1,3,"3,3,0,0,3,0,0,0,3,0,0,0,0,0"
B.Tech_CSE,2018-2019,AM.EN.U4CSE15152,15CSE401_Continuous Evaluation_B.Tech_CSE_S7B 2018-2019,2c9fadbd788ad6fd01788b46a9be01ac,15CSE401,Machine Learning and Data Mining,,7,8a8383456721a4a101672a8bf76f0089,Apply and evaluate the interesting patterns discovered from association mining,40,50,3.21,4,2,2,0.8025,2,1,3,"3,2,1,2,3,0,0,0,3,0,0,0,0,0"
B.Tech_CSE,2018-2019,AM.EN.U4CSE15152,15CSE401_End Semester_B.Tech_CSE_S7B 2018-2019,2c9fadbd788ad6fd01788b46ba630286,15CSE401,Machine Learning and Data Mining,,7,8a8383456721a4a101672a88b8ee0079,Understand the fundamental concepts of Data mining and basic theory underlying Machine learning.,35,50,15.9,20,2,2,0.795,2,1,4,"3,3,0,3,0,2,0,0,3,0,0,0,0,0"
B.Tech_CSE,2018-2019,AM.EN.U4CSE15152,15CSE401_End Semester_B.Tech_CSE_S7B 2018-2019,2c9fadbd788ad6fd01788b46ba630286,15CSE401,Machine Learning and Data Mining,,7,8a8383456721a4a101672a8aa0f0007d,Understand the types of the data to be mined and apply pre-processing methods.,35,60,12.1,20,2,2,0.605,2,1,4,"3,3,0,0,3,0,0,0,3,0,0,0,0,0"
B.Tech_CSE,2018-2019,AM.EN.U4CSE15152,15CSE401_End Semester_B.Tech_CSE_S7B 2018-2019,2c9fadbd788ad6fd01788b46ba630286,15CSE401,Machine Learning and Data Mining,,7,8a8383456721a4a101672a8b20c10081,Apply appropriate classication and clustering techniques for real word applications.,35,50,20,20,2,2,1,2,1,4,"3,0,3,0,3,0,0,0,3,0,0,0,0,0"
B.Tech_CSE,2018-2019,AM.EN.U4CSE15152,15CSE401_End Semester_B.Tech_CSE_S7B 2018-2019,2c9fadbd788ad6fd01788b46ba630286,15CSE401,Machine Learning and Data Mining,,7,8a8383456721a4a101672a8b9a3c0085,Analyze the performance of various classiers and clusters techniques,40,50,8,20,2,2,0.4,1,0,4,"3,3,0,0,3,0,0,0,3,0,0,0,0,0"
B.Tech_CSE,2018-2019,AM.EN.U4CSE15152,15CSE401_End Semester_B.Tech_CSE_S7B 2018-2019,2c9fadbd788ad6fd01788b46ba630286,15CSE401,Machine Learning and Data Mining,,7,8a8383456721a4a101672a8bf76f0089,Apply and evaluate the interesting patterns discovered from association mining,40,50,14,20,2,2,0.7,2,1,4,"3,2,1,2,3,0,0,0,3,0,0,0,0,0"
B.Tech_CSE,2018-2019,AM.EN.U4CSE15152,15CSE402_Structure and Interpretation of Computer Programs - Question Paper,8a83834567a289350167a5dae20603cb,15CSE402,Structure and Interpretation of Computer Programs,,7,8a838345673ec61901673ee4fd6d02fb,Understand the very basics of Lazy Functional Language,50,60,12.25,25,2,3,0.49,1,0,3,"3,2,2,0,2,0,0,0,0,0,0,0,0,0"
B.Tech_CSE,2018-2019,AM.EN.U4CSE15152,15CSE402_Structure and Interpretation of Computer Programs - Question Paper,8a83834567a289350167a5dae20603cb,15CSE402,Structure and Interpretation of Computer Programs,,7,8a838345673ec61901673ee84559037f,"Understand type checking, type-inference as implemented in Haskell",50,60,12.25,25,2,3,0.49,1,0,3,"3,2,2,0,2,0,0,0,0,0,0,0,0,0"
B.Tech_CSE,2018-2019,AM.EN.U4CSE15152,15CSE402_Structure and Interpretation of Computer Programs - Question Paper,8a83834567a289350167a5e3d90406f5,15CSE402,Structure and Interpretation of Computer Programs,,7,8a838345673ec61901673ee4fd6d02fb,Understand the very basics of Lazy Functional Language,50,60,0,25,2,1,0,0,0,3,"3,2,2,0,2,0,0,0,0,0,0,0,0,0"
B.Tech_CSE,2018-2019,AM.EN.U4CSE15152,15CSE402_Structure and Interpretation of Computer Programs - Question Paper,8a83834567a289350167a5e3d90406f5,15CSE402,Structure and Interpretation of Computer Programs,,7,8a838345673ec61901673ee84559037f,"Understand type checking, type-inference as implemented in Haskell",50,60,0,25,2,1,0,0,0,3,"3,2,2,0,2,0,0,0,0,0,0,0,0,0"
B.Tech_CSE,2018-2019,AM.EN.U4CSE15152,15CSE402_Structure and Interpretation of Computer Programs - Question Paper,8a83834567a289350167a5ea9beb0917,15CSE402,Structure and Interpretation of Computer Programs,,7,8a838345673ec61901673ee84559037f,"Understand type checking, type-inference as implemented in Haskell",50,60,35,50,2,1,0.7,2,1,3,"3,2,2,0,2,0,0,0,0,0,0,0,0,0"
B.Tech_CSE,2018-2019,AM.EN.U4CSE15152,15CSE401_Machine Learning and Data Mining - Question Paper,8a83834567a289350167a5fb77bc0ec8,15CSE401,Machine Learning and Data Mining,,7,8a8383456721a4a101672a88b8ee0079,Understand the fundamental concepts of Data mining and basic theory underlying Machine learning.,35,50,0.6,2,1,3,0.3,0,0,3,"3,3,0,3,0,2,0,0,3,0,0,0,0,0"
B.Tech_CSE,2018-2019,AM.EN.U4CSE15152,15CSE401_Machine Learning and Data Mining - Question Paper,8a83834567a289350167a5fb77bc0ec8,15CSE401,Machine Learning and Data Mining,,7,8a8383456721a4a101672a88b8ee0079,Understand the fundamental concepts of Data mining and basic theory underlying Machine learning.,35,50,5,20,2,2,0.25,0,0,3,"3,3,0,3,0,2,0,0,3,0,0,0,0,0"
B.Tech_CSE,2018-2019,AM.EN.U4CSE15152,15CSE401_Machine Learning and Data Mining - Question Paper,8a83834567a289350167a5fb77bc0ec8,15CSE401,Machine Learning and Data Mining,,7,8a8383456721a4a101672a8aa0f0007d,Understand the types of the data to be mined and apply pre-processing methods.,35,60,0.6,2,1,3,0.3,0,0,3,"3,3,0,0,3,0,0,0,3,0,0,0,0,0"
B.Tech_CSE,2018-2019,AM.EN.U4CSE15152,15CSE401_Machine Learning and Data Mining - Question Paper,8a83834567a289350167a5fb77bc0ec8,15CSE401,Machine Learning and Data Mining,,7,8a8383456721a4a101672a8aa0f0007d,Understand the types of the data to be mined and apply pre-processing methods.,35,60,5,20,2,2,0.25,0,0,3,"3,3,0,0,3,0,0,0,3,0,0,0,0,0"
B.Tech_CSE,2018-2019,AM.EN.U4CSE15152,15CSE401_Machine Learning and Data Mining - Question Paper,8a83834567a289350167a5fb77bc0ec8,15CSE401,Machine Learning and Data Mining,,7,8a8383456721a4a101672a8b20c10081,Apply appropriate classication and clustering techniques for real word applications.,35,50,0.9,3,1,3,0.3,0,0,3,"3,0,3,0,3,0,0,0,3,0,0,0,0,0"
B.Tech_CSE,2018-2019,AM.EN.U4CSE15152,15CSE401_Machine Learning and Data Mining - Question Paper,8a83834567a289350167a5fb77bc0ec8,15CSE401,Machine Learning and Data Mining,,7,8a8383456721a4a101672a8b20c10081,Apply appropriate classication and clustering techniques for real word applications.,35,50,0.4,3.4,2,1,0.117647059,0,0,3,"3,0,3,0,3,0,0,0,3,0,0,0,0,0"
B.Tech_CSE,2018-2019,AM.EN.U4CSE15152,15CSE401_Machine Learning and Data Mining - Question Paper,8a83834567a289350167a5fb77bc0ec8,15CSE401,Machine Learning and Data Mining,,7,8a8383456721a4a101672a8b9a3c0085,Analyze the performance of various classiers and clusters techniques,40,50,0.9,3,1,3,0.3,0,0,3,"3,3,0,0,3,0,0,0,3,0,0,0,0,0"
B.Tech_CSE,2018-2019,AM.EN.U4CSE15152,15CSE401_Machine Learning and Data Mining - Question Paper,8a83834567a289350167a5fb77bc0ec8,15CSE401,Machine Learning and Data Mining,,7,8a8383456721a4a101672a8b9a3c0085,Analyze the performance of various classiers and clusters techniques,40,50,0.4,3.4,2,1,0.117647059,0,0,3,"3,3,0,0,3,0,0,0,3,0,0,0,0,0"
B.Tech_CSE,2018-2019,AM.EN.U4CSE15152,15CSE401_Machine Learning and Data Mining - Question Paper,8a83834567a289350167a5fb77bc0ec8,15CSE401,Machine Learning and Data Mining,,7,8a8383456721a4a101672a8bf76f0089,Apply and evaluate the interesting patterns discovered from association mining,40,50,0.4,3.4,2,1,0.117647059,0,0,3,"3,2,1,2,3,0,0,0,3,0,0,0,0,0"
B.Tech_CSE,2018-2019,AM.EN.U4CSE15152,15CSE351_Information Security - Question Paper,8a83834567a289350167acc0bc4c670a,15CSE351,Information Security,,7,8a838345673ec61901673fdc4a530817,"Gain familiarity with prevalent attacks, defences against them, and forensics to investigate the aftermath",35,60,8,10,1,5,0.8,2,1,3,"3,3,3,0,0,0,0,0,0,0,0,0,0,0"
B.Tech_CSE,2018-2019,AM.EN.U4CSE15152,15CSE351_Information Security - Question Paper,8a83834567a289350167acc0bc4c670a,15CSE351,Information Security,,7,8a838345673ec61901673fdc4a530817,"Gain familiarity with prevalent attacks, defences against them, and forensics to investigate the aftermath",35,60,11,20,2,4,0.55,1,1,3,"3,3,3,0,0,0,0,0,0,0,0,0,0,0"
B.Tech_CSE,2018-2019,AM.EN.U4CSE15152,15CSE351_Information Security - Question Paper,8a83834567a289350167acc0bc4c670a,15CSE351,Information Security,,7,8a838345673ec61901673fdc4a530817,"Gain familiarity with prevalent attacks, defences against them, and forensics to investigate the aftermath",35,60,9,10,3,4,0.9,2,1,3,"3,3,3,0,0,0,0,0,0,0,0,0,0,0"
B.Tech_CSE,2018-2019,AM.EN.U4CSE15152,15CSE351_Information Security - Question Paper,8a83834567a289350167acc0bc4c670a,15CSE351,Information Security,,7,8a838345673ec61901673fdc4a530817,"Gain familiarity with prevalent attacks, defences against them, and forensics to investigate the aftermath",35,60,3,5,4,6,0.6,2,1,3,"3,3,3,0,0,0,0,0,0,0,0,0,0,0"
B.Tech_CSE,2018-2019,AM.EN.U4CSE15152,15CSE351_Information Security - Question Paper,8a83834567a289350167acc0bc4c670a,15CSE351,Information Security,,7,8a838345673ec61901673fdc4a530817,"Gain familiarity with prevalent attacks, defences against them, and forensics to investigate the aftermath",35,60,4,5,5,1,0.8,2,1,3,"3,3,3,0,0,0,0,0,0,0,0,0,0,0"
B.Tech_CSE,2018-2019,AM.EN.U4CSE15152,15CSE401_Periodical 2 New,8a83834567ad07970167b09af38b70f6,15CSE401,Machine Learning and Data Mining,,7,8a8383456721a4a101672a88b8ee0079,Understand the fundamental concepts of Data mining and basic theory underlying Machine learning.,35,50,1.1,1.8,1,6,0.611111111,2,1,2,"3,3,0,3,0,2,0,0,3,0,0,0,0,0"
B.Tech_CSE,2018-2019,AM.EN.U4CSE15152,15CSE401_Periodical 2 New,8a83834567ad07970167b09af38b70f6,15CSE401,Machine Learning and Data Mining,,7,8a8383456721a4a101672a88b8ee0079,Understand the fundamental concepts of Data mining and basic theory underlying Machine learning.,35,50,5.3,7.8,2,4,0.679487179,2,1,2,"3,3,0,3,0,2,0,0,3,0,0,0,0,0"
B.Tech_CSE,2018-2019,AM.EN.U4CSE15152,15CSE401_Periodical 2 New,8a83834567ad07970167b09af38b70f6,15CSE401,Machine Learning and Data Mining,,7,8a8383456721a4a101672a88b8ee0079,Understand the fundamental concepts of Data mining and basic theory underlying Machine learning.,35,50,0.4,0.4,5,2,1,2,1,2,"3,3,0,3,0,2,0,0,3,0,0,0,0,0"
B.Tech_CSE,2018-2019,AM.EN.U4CSE15152,15CSE401_Periodical 2 New,8a83834567ad07970167b09af38b70f6,15CSE401,Machine Learning and Data Mining,,7,8a8383456721a4a101672a8aa0f0007d,Understand the types of the data to be mined and apply pre-processing methods.,35,60,1.1,1.8,1,6,0.611111111,2,1,2,"3,3,0,0,3,0,0,0,3,0,0,0,0,0"
B.Tech_CSE,2018-2019,AM.EN.U4CSE15152,15CSE401_Periodical 2 New,8a83834567ad07970167b09af38b70f6,15CSE401,Machine Learning and Data Mining,,7,8a8383456721a4a101672a8aa0f0007d,Understand the types of the data to be mined and apply pre-processing methods.,35,60,5.3,7.8,2,4,0.679487179,2,1,2,"3,3,0,0,3,0,0,0,3,0,0,0,0,0"
B.Tech_CSE,2018-2019,AM.EN.U4CSE15152,15CSE401_Periodical 2 New,8a83834567ad07970167b09af38b70f6,15CSE401,Machine Learning and Data Mining,,7,8a8383456721a4a101672a8aa0f0007d,Understand the types of the data to be mined and apply pre-processing methods.,35,60,0.4,0.4,5,2,1,2,1,2,"3,3,0,0,3,0,0,0,3,0,0,0,0,0"
B.Tech_CSE,2018-2019,AM.EN.U4CSE15152,15CSE401_Periodical 2 New,8a83834567ad07970167b09af38b70f6,15CSE401,Machine Learning and Data Mining,,7,8a8383456721a4a101672a8b20c10081,Apply appropriate classication and clustering techniques for real word applications.,35,50,3.3,5.4,1,6,0.611111111,2,1,2,"3,0,3,0,3,0,0,0,3,0,0,0,0,0"
B.Tech_CSE,2018-2019,AM.EN.U4CSE15152,15CSE401_Periodical 2 New,8a83834567ad07970167b09af38b70f6,15CSE401,Machine Learning and Data Mining,,7,8a8383456721a4a101672a8b20c10081,Apply appropriate classication and clustering techniques for real word applications.,35,50,7.8,14.4,2,6,0.541666667,1,1,2,"3,0,3,0,3,0,0,0,3,0,0,0,0,0"
B.Tech_CSE,2018-2019,AM.EN.U4CSE15152,15CSE401_Periodical 2 New,8a83834567ad07970167b09af38b70f6,15CSE401,Machine Learning and Data Mining,,7,8a8383456721a4a101672a8bf76f0089,Apply and evaluate the interesting patterns discovered from association mining,40,50,8.1,9,2,4,0.9,2,1,2,"3,2,1,2,3,0,0,0,3,0,0,0,0,0"
B.Tech_CSE,2018-2019,AM.EN.U4CSE15152,15CSE401_Periodical 2 New,8a83834567ad07970167b09af38b70f6,15CSE401,Machine Learning and Data Mining,,7,8a8383456721a4a101672a8bf76f0089,Apply and evaluate the interesting patterns discovered from association mining,40,50,1.2,1.2,5,2,1,2,1,2,"3,2,1,2,3,0,0,0,3,0,0,0,0,0"
B.Tech_CSE,2018-2019,AM.EN.U4CSE15152,15CSE376_Net Centric Programming - Question Paper,8a83834567ad07970167b1574cd019d3,15CSE376,Net Centric Programming,,7,8a838345673ec61901673ed5dadc0117,"Design, develop and deploy client/server applications",35,60,24,40,2,1,0.6,2,1,3,"0,2,3,0,1,0,0,0,0,0,0,0,0,0"
B.Tech_CSE,2018-2019,AM.EN.U4CSE15152,15CSE376_Net Centric Programming - Question Paper,8a83834567ad07970167b1574cd019d3,15CSE376,Net Centric Programming,,7,8a838345673ec61901673ed5dadc0117,"Design, develop and deploy client/server applications",35,60,2,6,4,3,0.333333333,0,0,3,"0,2,3,0,1,0,0,0,0,0,0,0,0,0"
B.Tech_CSE,2018-2019,AM.EN.U4CSE15152,15CSE376_Net Centric Programming - Question Paper,8a83834567ad07970167b1574cd019d3,15CSE376,Net Centric Programming,,7,8a838345673ec61901673ed5dadc0117,"Design, develop and deploy client/server applications",35,60,1,4,5,2,0.25,0,0,3,"0,2,3,0,1,0,0,0,0,0,0,0,0,0"
B.Tech_CSE,2018-2019,AM.EN.U4CSE15152,15CSE351_End Semester,8a838345689da61e0168a2dfb6a71ae0,15CSE351,Information Security,,7,8a838345673ec61901673fda7d1d07f3,"Provide ?an ?understanding ?of ?principal ?concepts, ?major ?issues, ?technologies, ?and basic ?approaches ?in ?information ?security.",35,60,0,1,1,6,0,0,0,4,"3,2,0,0,0,0,0,0,0,0,0,0,0,0"
B.Tech_CSE,2018-2019,AM.EN.U4CSE15152,15CSE351_End Semester,8a838345689da61e0168a2dfb6a71ae0,15CSE351,Information Security,,7,8a838345673ec61901673fdac8a907fd,Apply authentication services and mechanisms.,35,60,0,1,1,6,0,0,0,4,"3,3,0,0,2,0,0,0,0,0,0,0,0,0"
B.Tech_CSE,2018-2019,AM.EN.U4CSE15152,15CSE351_End Semester,8a838345689da61e0168a2dfb6a71ae0,15CSE351,Information Security,,7,8a838345673ec61901673fdb1b680801,Understanding of X.509 Certificates.,35,60,0,1,1,6,0,0,0,4,"3,3,3,2,2,0,0,0,0,0,0,0,0,0"
B.Tech_CSE,2018-2019,AM.EN.U4CSE15152,15CSE351_End Semester,8a838345689da61e0168a2dfb6a71ae0,15CSE351,Information Security,,7,8a838345673ec61901673fdbcc7e0809,"Develop an understanding of security policies (such as authentication, integrity and confidentiality), as well as protocols to implement such policies in the form of message exchanges",35,60,3,4.75,1,6,0.631578947,2,1,4,"3,2,1,3,0,0,0,0,0,0,0,0,0,0"
B.Tech_CSE,2018-2019,AM.EN.U4CSE15152,15CSE351_End Semester,8a838345689da61e0168a2dfb6a71ae0,15CSE351,Information Security,,7,8a838345673ec61901673fdbcc7e0809,"Develop an understanding of security policies (such as authentication, integrity and confidentiality), as well as protocols to implement such policies in the form of message exchanges",35,60,29,49,2,4,0.591836735,1,1,4,"3,2,1,3,0,0,0,0,0,0,0,0,0,0"
B.Tech_CSE,2018-2019,AM.EN.U4CSE15152,15CSE351_End Semester,8a838345689da61e0168a2dfb6a71ae0,15CSE351,Information Security,,7,8a838345673ec61901673fdbcc7e0809,"Develop an understanding of security policies (such as authentication, integrity and confidentiality), as well as protocols to implement such policies in the form of message exchanges",35,60,4,4,5,6,1,2,1,4,"3,2,1,3,0,0,0,0,0,0,0,0,0,0"
B.Tech_CSE,2018-2019,AM.EN.U4CSE15152,15CSE351_End Semester,8a838345689da61e0168a2dfb6a71ae0,15CSE351,Information Security,,7,8a838345673ec61901673fdc0fa50813,Comprehend and apply web security services and mechanisms for E-commerce applications.,35,60,4,4,5,1,1,2,1,4,"3,2,0,0,0,0,0,0,0,0,0,0,0,0"
B.Tech_CSE,2018-2019,AM.EN.U4CSE15152,15CSE351_End Semester,8a838345689da61e0168a2dfb6a71ae0,15CSE351,Information Security,,7,8a838345673ec61901673fdc4a530817,"Gain familiarity with prevalent attacks, defences against them, and forensics to investigate the aftermath",35,60,11,12,2,1,0.916666667,2,1,4,"3,3,3,0,0,0,0,0,0,0,0,0,0,0"
B.Tech_CSE,2018-2019,AM.EN.U4CSE15152,15CSE351_End Semester,8a838345689da61e0168a2dfb6a71ae0,15CSE351,Information Security,,7,8a838345673ec61901673fdc4a530817,"Gain familiarity with prevalent attacks, defences against them, and forensics to investigate the aftermath",35,60,8,8,3,1,1,2,1,4,"3,3,3,0,0,0,0,0,0,0,0,0,0,0"
B.Tech_CSE,2018-2019,AM.EN.U4CSE15152,15CSE351_End Semester,8a838345689da61e0168a2dfb6a71ae0,15CSE351,Information Security,,7,8a838345673ec61901673fdc4a530817,"Gain familiarity with prevalent attacks, defences against them, and forensics to investigate the aftermath",35,60,4,4,4,4,1,2,1,4,"3,3,3,0,0,0,0,0,0,0,0,0,0,0"
B.Tech_CSE,2018-2019,AM.EN.U4CSE15152,15CSE376_End Semester,8a838345689da61e0168a3582816253d,15CSE376,Net Centric Programming,,7,8a838345673ec61901673ed4d06d010b,Apply markup and scripting languages to design and validate dynamic webpages,35,60,5.67,9.33,2,1,0.607717042,2,1,4,"1,2,0,0,0,0,0,0,0,0,0,0,0,0"
B.Tech_CSE,2018-2019,AM.EN.U4CSE15152,15CSE376_End Semester,8a838345689da61e0168a3582816253d,15CSE376,Net Centric Programming,,7,8a838345673ec61901673ed55503010f,Evaluate the appropriateness of client/server side scripting for a given world web application,35,60,3,6,2,1,0.5,1,1,4,"0,1,2,3,0,0,0,0,0,0,0,0,0,0"
B.Tech_CSE,2018-2019,AM.EN.U4CSE15152,15CSE376_End Semester,8a838345689da61e0168a3582816253d,15CSE376,Net Centric Programming,,7,8a838345673ec61901673ed5dadc0117,"Design, develop and deploy client/server applications",35,60,18,40,2,1,0.45,1,0,4,"0,2,3,0,1,0,0,0,0,0,0,0,0,0"
B.Tech_CSE,2018-2019,AM.EN.U4CSE15152,15CSE401_Endsemester,8a838345689da61e0168a37bd45b2d4f,15CSE401,Machine Learning and Data Mining,,7,8a8383456721a4a101672a88b8ee0079,Understand the fundamental concepts of Data mining and basic theory underlying Machine learning.,35,50,3.4,4.8,1,6,0.708333333,2,1,4,"3,3,0,3,0,2,0,0,3,0,0,0,0,0"
B.Tech_CSE,2018-2019,AM.EN.U4CSE15152,15CSE401_Endsemester,8a838345689da61e0168a37bd45b2d4f,15CSE401,Machine Learning and Data Mining,,7,8a8383456721a4a101672a88b8ee0079,Understand the fundamental concepts of Data mining and basic theory underlying Machine learning.,35,50,40,54,2,2,0.740740741,2,1,4,"3,3,0,3,0,2,0,0,3,0,0,0,0,0"
B.Tech_CSE,2018-2019,AM.EN.U4CSE15152,15CSE401_Endsemester,8a838345689da61e0168a37bd45b2d4f,15CSE401,Machine Learning and Data Mining,,7,8a8383456721a4a101672a88b8ee0079,Understand the fundamental concepts of Data mining and basic theory underlying Machine learning.,35,50,2.1,3.4,4,3,0.617647059,2,1,4,"3,3,0,3,0,2,0,0,3,0,0,0,0,0"
B.Tech_CSE,2018-2019,AM.EN.U4CSE15152,15CSE401_Endsemester,8a838345689da61e0168a37bd45b2d4f,15CSE401,Machine Learning and Data Mining,,7,8a8383456721a4a101672a8aa0f0007d,Understand the types of the data to be mined and apply pre-processing methods.,35,60,3.4,4.8,1,6,0.708333333,2,1,4,"3,3,0,0,3,0,0,0,3,0,0,0,0,0"
B.Tech_CSE,2018-2019,AM.EN.U4CSE15152,15CSE401_Endsemester,8a838345689da61e0168a37bd45b2d4f,15CSE401,Machine Learning and Data Mining,,7,8a8383456721a4a101672a8aa0f0007d,Understand the types of the data to be mined and apply pre-processing methods.,35,60,7.3,9.8,2,3,0.744897959,2,1,4,"3,3,0,0,3,0,0,0,3,0,0,0,0,0"
B.Tech_CSE,2018-2019,AM.EN.U4CSE15152,15CSE401_Endsemester,8a838345689da61e0168a37bd45b2d4f,15CSE401,Machine Learning and Data Mining,,7,8a8383456721a4a101672a8aa0f0007d,Understand the types of the data to be mined and apply pre-processing methods.,35,60,2.1,3.4,4,3,0.617647059,2,1,4,"3,3,0,0,3,0,0,0,3,0,0,0,0,0"
B.Tech_CSE,2018-2019,AM.EN.U4CSE15152,15CSE401_Endsemester,8a838345689da61e0168a37bd45b2d4f,15CSE401,Machine Learning and Data Mining,,7,8a8383456721a4a101672a8b20c10081,Apply appropriate classication and clustering techniques for real word applications.,35,50,5.1,7.2,1,6,0.708333333,2,1,4,"3,0,3,0,3,0,0,0,3,0,0,0,0,0"
B.Tech_CSE,2018-2019,AM.EN.U4CSE15152,15CSE401_Endsemester,8a838345689da61e0168a37bd45b2d4f,15CSE401,Machine Learning and Data Mining,,7,8a8383456721a4a101672a8b20c10081,Apply appropriate classication and clustering techniques for real word applications.,35,50,19.5,26.4,2,3,0.738636364,2,1,4,"3,0,3,0,3,0,0,0,3,0,0,0,0,0"
B.Tech_CSE,2018-2019,AM.EN.U4CSE15152,15CSE401_Endsemester,8a838345689da61e0168a37bd45b2d4f,15CSE401,Machine Learning and Data Mining,,7,8a8383456721a4a101672a8b20c10081,Apply appropriate classication and clustering techniques for real word applications.,35,50,6.3,10.2,4,3,0.617647059,2,1,4,"3,0,3,0,3,0,0,0,3,0,0,0,0,0"
B.Tech_CSE,2018-2019,AM.EN.U4CSE15152,15CSE401_Endsemester,8a838345689da61e0168a37bd45b2d4f,15CSE401,Machine Learning and Data Mining,,7,8a8383456721a4a101672a8b9a3c0085,Analyze the performance of various classiers and clusters techniques,40,50,19,22,2,1,0.863636364,2,1,4,"3,3,0,0,3,0,0,0,3,0,0,0,0,0"
B.Tech_CSE,2018-2019,AM.EN.U4CSE15152,15CSE401_Endsemester,8a838345689da61e0168a37bd45b2d4f,15CSE401,Machine Learning and Data Mining,,7,8a8383456721a4a101672a8bf76f0089,Apply and evaluate the interesting patterns discovered from association mining,40,50,2.4,3,2,1,0.8,2,1,4,"3,2,1,2,3,0,0,0,3,0,0,0,0,0"
B.Tech_CSE,2018-2019,AM.EN.U4CSE15152,15CSE402_End   Semester,8a838345689da61e0168a8170b974021,15CSE402,Structure and Interpretation of Computer Programs,,7,8a838345673ec61901673ee84559037f,"Understand type checking, type-inference as implemented in Haskell",50,60,44.5,100,2,1,0.445,1,0,4,"3,2,2,0,2,0,0,0,0,0,0,0,0,0"
B.Tech_CSE,2018-2019,AM.EN.U4CSE15152,15CSE411_Periodical 1,8a838345695bde6601699016ada6051b,15CSE411,Software Project Management,,8,8a838345695bde6601698ff54c8a02e7,"To understand the basic concepts, terminologies and issues of software project management",35,60,4,4,2,2,1,2,1,1,"3,1,1,0,0,0,0,0,0,0,0,0,0,0"
B.Tech_CSE,2018-2019,AM.EN.U4CSE15152,15CSE411_Periodical 1,8a838345695bde6601699016ada6051b,15CSE411,Software Project Management,,8,8a838345695bde6601698ff5907a02eb,To apply appropriate methods and models for the development of solutions,35,60,12,24,4,5,0.5,1,1,1,"3,2,3,0,0,0,0,0,0,0,0,0,0,0"
B.Tech_CSE,2018-2019,AM.EN.U4CSE15152,15CSE411_Periodical 1,8a838345695bde6601699016ada6051b,15CSE411,Software Project Management,,8,8a838345695bde6601698ff6152602ef,To analyze the cost-benefits of calculations so as to optimize the selection strategy,35,60,15,22,2,3,0.681818182,2,1,1,"3,2,2,3,0,0,0,0,0,0,0,0,0,0"
B.Tech_CSE,2018-2019,AM.EN.U4CSE15152,15CSE411_Periodical II,8a8383456a2ef3ea016a4e2523631459,15CSE411,Software Project Management,,8,8a838345695bde6601698ff6601502f3,"To evaluate methods, models and technologies towards achieving project success",35,60,7,11,2,3,0.636363636,2,1,2,"2,2,2,1,0,0,0,0,0,0,0,0,0,0"
B.Tech_CSE,2018-2019,AM.EN.U4CSE15152,15CSE411_Periodical II,8a8383456a2ef3ea016a4e2523631459,15CSE411,Software Project Management,,8,8a838345695bde6601698ff6a5fc02f7,To design and evaluate network planning models with criticality,35,60,19,28,2,6,0.678571429,2,1,2,"3,2,3,3,3,0,0,0,0,0,0,2,0,0"
